Date,HomeTeam,AwayTeam,FTHG,FTAG,FTR,HomeWin,home_avg_for,home_avg_against,home_winrate,away_avg_for,away_avg_against,away_winrate
2025-08-15,Liverpool,Bournemouth,4,2,H,1,2.2434210526315788,1.019736842105263,0.631578947368421,1.3070175438596492,1.6140350877192982,0.34210526315789475
2025-08-16,Aston Villa,Newcastle,0,0,D,0,1.5592105263157894,1.394736842105263,0.4605263157894737,1.743421052631579,1.3421052631578947,0.4605263157894737
2025-08-16,Brighton,Fulham,1,1,D,0,1.5460526315789473,1.4342105263157894,0.3815789473684211,1.4385964912280702,1.4736842105263157,0.37719298245614036
2025-08-16,Sunderland,West Ham,3,0,H,1,,,,1.368421052631579,1.5921052631578947,0.34210526315789475
2025-08-16,Tottenham,Burnley,3,0,H,1,1.8223684210526316,1.506578947368421,0.46710526315789475,0.9868421052631579,1.7236842105263157,0.15789473684210525
2025-08-16,Wolves,Man City,0,4,A,0,1.138157894736842,1.5460526315789473,0.3355263157894737,2.375,0.9013157894736842,0.6973684210526315
2025-08-17,Chelsea,Crystal Palace,0,0,D,0,1.6776315789473684,1.2236842105263157,0.4605263157894737,1.3026315789473684,1.3421052631578947,0.3157894736842105
2025-08-17,Nott'm Forest,Brentford,3,1,H,1,1.2719298245614035,1.587719298245614,0.32456140350877194,1.5,1.4736842105263157,0.35526315789473684
2025-08-17,Man United,Arsenal,0,1,A,0,1.4210526315789473,1.394736842105263,0.4473684210526316,2.0328947368421053,1.013157894736842,0.631578947368421
2025-08-18,Leeds,Everton,1,0,H,1,1.1842105263157894,2.0657894736842106,0.21052631578947367,1.0460526315789473,1.4342105263157894,0.28289473684210525
2025-08-22,West Ham,Chelsea,1,5,A,0,1.3594771241830066,1.6013071895424837,0.33986928104575165,1.6666666666666667,1.2156862745098038,0.45751633986928103
2025-08-23,Man City,Tottenham,0,2,A,0,2.3856209150326797,0.8954248366013072,0.6993464052287581,1.8300653594771241,1.4967320261437909,0.47058823529411764
2025-08-23,Bournemouth,Wolves,1,0,H,1,1.3130434782608695,1.6347826086956523,0.3391304347826087,1.130718954248366,1.5620915032679739,0.3333333333333333
2025-08-23,Brentford,Aston Villa,1,0,H,1,1.4967320261437909,1.4836601307189543,0.35294117647058826,1.5490196078431373,1.3856209150326797,0.45751633986928103
2025-08-23,Burnley,Sunderland,2,0,H,1,0.974025974025974,1.7402597402597402,0.15584415584415584,3.0,0.0,1.0
2025-08-23,Arsenal,Leeds,5,0,H,1,2.026143790849673,1.0065359477124183,0.6339869281045751,1.1818181818181819,2.038961038961039,0.22077922077922077
2025-08-24,Crystal Palace,Nott'm Forest,1,1,D,0,1.2941176470588236,1.3333333333333333,0.3137254901960784,1.2869565217391303,1.5826086956521739,0.33043478260869563
2025-08-24,Everton,Brighton,2,0,H,1,1.0392156862745099,1.4313725490196079,0.28104575163398693,1.542483660130719,1.4313725490196079,0.3790849673202614
2025-08-24,Fulham,Man United,1,1,D,0,1.434782608695652,1.4695652173913043,0.3739130434782609,1.411764705882353,1.392156862745098,0.4444444444444444
2025-08-25,Newcastle,Liverpool,2,3,A,0,1.7320261437908497,1.3333333333333333,0.45751633986928103,2.2549019607843137,1.026143790849673,0.6339869281045751
2025-08-30,Chelsea,Fulham,2,0,H,1,1.6883116883116882,1.2142857142857142,0.461038961038961,1.4310344827586208,1.4655172413793103,0.3706896551724138
2025-08-30,Man United,Burnley,3,2,H,1,1.4090909090909092,1.3896103896103895,0.44155844155844154,0.9871794871794872,1.7179487179487178,0.16666666666666666
2025-08-30,Sunderland,Brentford,2,1,H,1,1.5,1.0,0.5,1.4935064935064934,1.474025974025974,0.35714285714285715
2025-08-30,Tottenham,Bournemouth,0,1,A,0,1.8311688311688312,1.4870129870129871,0.474025974025974,1.3103448275862069,1.6206896551724137,0.3448275862068966
2025-08-30,Wolves,Everton,2,3,A,0,1.1233766233766234,1.5584415584415585,0.33116883116883117,1.0454545454545454,1.422077922077922,0.2857142857142857
2025-08-30,Leeds,Newcastle,0,0,D,0,1.1666666666666667,2.076923076923077,0.21794871794871795,1.7337662337662338,1.344155844155844,0.45454545454545453
2025-08-31,Brighton,Man City,2,1,H,1,1.5324675324675325,1.4350649350649352,0.37662337662337664,2.3701298701298703,0.9025974025974026,0.6948051948051948
2025-08-31,Nott'm Forest,West Ham,0,3,A,0,1.2844827586206897,1.5775862068965518,0.3275862068965517,1.3571428571428572,1.6233766233766234,0.33766233766233766
2025-08-31,Liverpool,Arsenal,1,0,H,1,2.25974025974026,1.0324675324675325,0.6363636363636364,2.0454545454545454,1.0,0.6363636363636364
2025-08-31,Aston Villa,Crystal Palace,0,3,A,0,1.5389610389610389,1.3831168831168832,0.45454545454545453,1.2922077922077921,1.3311688311688312,0.3116883116883117
2022-08-05,Crystal Palace,Arsenal,0,2,A,0,1.3157894736842106,1.2105263157894737,0.2894736842105263,1.605263157894737,1.263157894736842,0.5789473684210527
2022-08-06,Fulham,Liverpool,2,2,D,0,,,,2.473684210526316,0.6842105263157895,0.7368421052631579
2022-08-06,Bournemouth,Aston Villa,2,0,H,1,,,,1.368421052631579,1.4210526315789473,0.34210526315789475
2022-08-06,Leeds,Wolves,2,1,H,1,1.105263157894737,2.0789473684210527,0.23684210526315788,1.0,1.131578947368421,0.39473684210526316
2022-08-06,Newcastle,Nott'm Forest,2,0,H,1,1.1578947368421053,1.631578947368421,0.34210526315789475,,,
2022-08-06,Tottenham,Southampton,4,1,H,1,1.8157894736842106,1.0526315789473684,0.5789473684210527,1.131578947368421,1.763157894736842,0.23684210526315788
2022-08-06,Everton,Chelsea,0,1,A,0,1.131578947368421,1.736842105263158,0.2894736842105263,2.0,0.868421052631579,0.5526315789473685
2022-08-07,Leicester,Brentford,2,2,D,0,1.631578947368421,1.5526315789473684,0.3684210526315789,1.263157894736842,1.4736842105263157,0.34210526315789475
2022-08-07,Man United,Brighton,1,2,A,0,1.5,1.5,0.42105263157894735,1.105263157894737,1.1578947368421053,0.3157894736842105
2022-08-07,West Ham,Man City,0,2,A,0,1.5789473684210527,1.3421052631578947,0.42105263157894735,2.6052631578947367,0.6842105263157895,0.7631578947368421
2022-08-13,Aston Villa,Everton,2,1,H,1,1.3333333333333333,1.435897435897436,0.3333333333333333,1.1025641025641026,1.7179487179487178,0.28205128205128205
2022-08-13,Arsenal,Leicester,4,2,H,1,1.6153846153846154,1.2307692307692308,0.5897435897435898,1.641025641025641,1.564102564102564,0.358974358974359
2022-08-13,Brighton,Newcastle,0,0,D,0,1.1282051282051282,1.1538461538461537,0.3333333333333333,1.1794871794871795,1.5897435897435896,0.358974358974359
2022-08-13,Man City,Bournemouth,4,0,H,1,2.58974358974359,0.6666666666666666,0.7692307692307693,2.0,0.0,1.0
2022-08-13,Southampton,Leeds,2,2,D,0,1.1282051282051282,1.8205128205128205,0.23076923076923078,1.1282051282051282,2.051282051282051,0.2564102564102564
2022-08-13,Wolves,Fulham,0,0,D,0,1.0,1.1538461538461537,0.38461538461538464,2.0,2.0,0.0
2022-08-13,Brentford,Man United,4,0,H,1,1.2820512820512822,1.4871794871794872,0.3333333333333333,1.4871794871794872,1.5128205128205128,0.41025641025641024
2022-08-14,Nott'm Forest,West Ham,1,0,H,1,0.0,2.0,0.0,1.5384615384615385,1.358974358974359,0.41025641025641024
2022-08-14,Chelsea,Tottenham,2,2,D,0,1.9743589743589745,0.8461538461538461,0.5641025641025641,1.8717948717948718,1.0512820512820513,0.5897435897435898
2022-08-15,Liverpool,Crystal Palace,1,1,D,0,2.4615384615384617,0.717948717948718,0.717948717948718,1.2820512820512822,1.2307692307692308,0.28205128205128205
2022-08-20,Tottenham,Wolves,1,0,H,1,1.875,1.075,0.575,0.975,1.125,0.375
2022-08-20,Crystal Palace,Aston Villa,3,1,H,1,1.275,1.225,0.275,1.35,1.425,0.35
2022-08-20,Everton,Nott'm Forest,1,1,D,0,1.1,1.725,0.275,0.5,1.0,0.5
2022-08-20,Fulham,Brentford,3,2,H,1,1.0,1.0,0.0,1.35,1.45,0.35
2022-08-20,Leicester,Southampton,1,2,A,0,1.65,1.625,0.35,1.15,1.825,0.225
2022-08-20,Bournemouth,Arsenal,0,3,A,0,1.0,2.0,0.5,1.675,1.25,0.6
2022-08-21,Leeds,Chelsea,3,0,H,1,1.15,2.05,0.25,1.975,0.875,0.55
2022-08-21,West Ham,Brighton,0,2,A,0,1.5,1.35,0.4,1.1,1.125,0.325
2022-08-21,Newcastle,Man City,3,3,D,0,1.15,1.55,0.35,2.625,0.65,0.775
2022-08-22,Man United,Liverpool,2,1,H,1,1.45,1.575,0.4,2.425,0.725,0.7
2022-08-27,Southampton,Man United,0,1,A,0,1.170731707317073,1.8048780487804879,0.24390243902439024,1.4634146341463414,1.5609756097560976,0.4146341463414634
2022-08-27,Brentford,Everton,1,1,D,0,1.3658536585365855,1.4878048780487805,0.34146341463414637,1.0975609756097562,1.7073170731707317,0.2682926829268293
2022-08-27,Brighton,Leeds,1,0,H,1,1.1219512195121952,1.0975609756097562,0.34146341463414637,1.1951219512195121,2.0,0.2682926829268293
2022-08-27,Chelsea,Leicester,2,1,H,1,1.9268292682926829,0.926829268292683,0.5365853658536586,1.6341463414634145,1.6341463414634145,0.34146341463414637
2022-08-27,Liverpool,Bournemouth,9,0,H,1,2.3902439024390243,0.7560975609756098,0.6829268292682927,0.6666666666666666,2.3333333333333335,0.3333333333333333
2022-08-27,Man City,Crystal Palace,4,2,H,1,2.6341463414634148,0.7073170731707317,0.7560975609756098,1.3170731707317074,1.2195121951219512,0.2926829268292683
2022-08-27,Arsenal,Fulham,2,1,H,1,1.7073170731707317,1.2195121951219512,0.6097560975609756,1.6666666666666667,1.3333333333333333,0.3333333333333333
2022-08-28,Aston Villa,West Ham,0,1,A,0,1.3414634146341464,1.4634146341463414,0.34146341463414637,1.4634146341463414,1.3658536585365855,0.3902439024390244
2022-08-28,Wolves,Newcastle,1,1,D,0,0.9512195121951219,1.1219512195121952,0.36585365853658536,1.1951219512195121,1.5853658536585367,0.34146341463414637
2022-08-28,Nott'm Forest,Tottenham,0,2,A,0,0.6666666666666666,1.0,0.3333333333333333,1.853658536585366,1.048780487804878,0.5853658536585366
2022-08-30,Crystal Palace,Brentford,1,1,D,0,1.3333333333333333,1.2857142857142858,0.2857142857142857,1.3571428571428572,1.4761904761904763,0.3333333333333333
2022-08-30,Fulham,Brighton,2,1,H,1,1.5,1.5,0.25,1.119047619047619,1.0714285714285714,0.35714285714285715
2022-08-30,Southampton,Chelsea,2,1,H,1,1.1428571428571428,1.7857142857142858,0.23809523809523808,1.9285714285714286,0.9285714285714286,0.5476190476190477
2022-08-30,Leeds,Everton,1,1,D,0,1.1666666666666667,1.9761904761904763,0.2619047619047619,1.0952380952380953,1.6904761904761905,0.2619047619047619
2022-08-31,Arsenal,Aston Villa,2,1,H,1,1.7142857142857142,1.2142857142857142,0.6190476190476191,1.3095238095238095,1.4523809523809523,0.3333333333333333
2022-08-31,Bournemouth,Wolves,0,0,D,0,0.5,4.0,0.25,0.9523809523809523,1.119047619047619,0.35714285714285715
2022-08-31,Man City,Nott'm Forest,6,0,H,1,2.6666666666666665,0.7380952380952381,0.7619047619047619,0.5,1.25,0.25
2022-08-31,West Ham,Tottenham,1,1,D,0,1.4523809523809523,1.3333333333333333,0.40476190476190477,1.8571428571428572,1.0238095238095237,0.5952380952380952
2022-08-31,Liverpool,Newcastle,2,1,H,1,2.5476190476190474,0.7380952380952381,0.6904761904761905,1.1904761904761905,1.5714285714285714,0.3333333333333333
2022-09-01,Leicester,Man United,0,1,A,0,1.619047619047619,1.6428571428571428,0.3333333333333333,1.4523809523809523,1.5238095238095237,0.42857142857142855
2022-09-03,Everton,Liverpool,0,0,D,0,1.0930232558139534,1.6744186046511629,0.2558139534883721,2.5348837209302326,0.7441860465116279,0.6976744186046512
2022-09-03,Brentford,Leeds,5,2,H,1,1.3488372093023255,1.4651162790697674,0.32558139534883723,1.1627906976744187,1.9534883720930232,0.2558139534883721
2022-09-03,Chelsea,West Ham,2,1,H,1,1.9069767441860466,0.9534883720930233,0.5348837209302325,1.441860465116279,1.3255813953488371,0.3953488372093023
2022-09-03,Newcastle,Crystal Palace,0,0,D,0,1.186046511627907,1.5813953488372092,0.32558139534883723,1.3255813953488371,1.2790697674418605,0.27906976744186046
2022-09-03,Nott'm Forest,Bournemouth,2,3,A,0,0.4,2.2,0.2,0.4,3.2,0.2
2022-09-03,Tottenham,Fulham,2,1,H,1,1.8372093023255813,1.0232558139534884,0.5813953488372093,1.6,1.4,0.4
2022-09-03,Wolves,Southampton,1,0,H,1,0.9302325581395349,1.0930232558139534,0.3488372093023256,1.1627906976744187,1.7674418604651163,0.2558139534883721
2022-09-03,Aston Villa,Man City,1,1,D,0,1.302325581395349,1.4651162790697674,0.32558139534883723,2.744186046511628,0.7209302325581395,0.7674418604651163
2022-09-04,Brighton,Leicester,5,2,H,1,1.1162790697674418,1.0930232558139534,0.3488372093023256,1.5813953488372092,1.627906976744186,0.32558139534883723
2022-09-04,Man United,Arsenal,3,1,H,1,1.441860465116279,1.4883720930232558,0.4418604651162791,1.7209302325581395,1.2093023255813953,0.627906976744186
2022-09-16,Aston Villa,Southampton,1,0,H,1,1.2954545454545454,1.4545454545454546,0.3181818181818182,1.1363636363636365,1.75,0.25
2022-09-16,Nott'm Forest,Fulham,2,3,A,0,0.6666666666666666,2.3333333333333335,0.16666666666666666,1.5,1.5,0.3333333333333333
2022-09-17,Wolves,Man City,0,3,A,0,0.9318181818181818,1.0681818181818181,0.36363636363636365,2.7045454545454546,0.7272727272727273,0.75
2022-09-17,Newcastle,Bournemouth,1,1,D,0,1.1590909090909092,1.5454545454545454,0.3181818181818182,0.8333333333333334,3.0,0.3333333333333333
2022-09-17,Tottenham,Leicester,6,2,H,1,1.8409090909090908,1.0227272727272727,0.5909090909090909,1.5909090909090908,1.7045454545454546,0.3181818181818182
2022-09-18,Brentford,Arsenal,0,3,A,0,1.4318181818181819,1.4772727272727273,0.3409090909090909,1.7045454545454546,1.25,0.6136363636363636
2022-09-18,Everton,West Ham,1,0,H,1,1.0681818181818181,1.6363636363636365,0.25,1.4318181818181819,1.3409090909090908,0.38636363636363635
2022-10-01,Arsenal,Tottenham,3,1,H,1,1.7333333333333334,1.2222222222222223,0.6222222222222222,1.9333333333333333,1.0444444444444445,0.6
2022-10-01,Bournemouth,Brentford,0,0,D,0,0.8571428571428571,2.7142857142857144,0.2857142857142857,1.4,1.511111111111111,0.3333333333333333
2022-10-01,Crystal Palace,Chelsea,1,2,A,0,1.2954545454545454,1.25,0.2727272727272727,1.9090909090909092,0.9545454545454546,0.5454545454545454
2022-10-01,Fulham,Newcastle,1,4,A,0,1.7142857142857142,1.5714285714285714,0.42857142857142855,1.1555555555555554,1.5333333333333334,0.3111111111111111
2022-10-01,Liverpool,Brighton,3,3,D,0,2.477272727272727,0.7272727272727273,0.6818181818181818,1.2045454545454546,1.1136363636363635,0.36363636363636365
2022-10-01,Southampton,Everton,1,2,A,0,1.1111111111111112,1.7333333333333334,0.24444444444444444,1.0666666666666667,1.6,0.26666666666666666
2022-10-01,West Ham,Wolves,2,0,H,1,1.4,1.3333333333333333,0.37777777777777777,0.9111111111111111,1.1111111111111112,0.35555555555555557
2022-10-02,Man City,Man United,6,3,H,1,2.7111111111111112,0.7111111111111111,0.7555555555555555,1.4772727272727273,1.4772727272727273,0.45454545454545453
2022-10-02,Leeds,Aston Villa,0,0,D,0,1.1818181818181819,2.022727272727273,0.25,1.288888888888889,1.4222222222222223,0.3333333333333333
2022-10-03,Leicester,Nott'm Forest,4,0,H,1,1.6,1.8,0.3111111111111111,0.8571428571428571,2.4285714285714284,0.14285714285714285
2022-10-08,Bournemouth,Leicester,2,1,H,1,0.75,2.375,0.25,1.6521739130434783,1.7608695652173914,0.32608695652173914
2022-10-08,Chelsea,Wolves,3,0,H,1,1.9111111111111112,0.9555555555555556,0.5555555555555556,0.8913043478260869,1.1304347826086956,0.34782608695652173
2022-10-08,Man City,Southampton,4,0,H,1,2.782608695652174,0.7608695652173914,0.7608695652173914,1.108695652173913,1.7391304347826086,0.2391304347826087
2022-10-08,Newcastle,Brentford,5,1,H,1,1.2173913043478262,1.5217391304347827,0.32608695652173914,1.3695652173913044,1.4782608695652173,0.32608695652173914
2022-10-08,Brighton,Tottenham,0,1,A,0,1.2444444444444445,1.1555555555555554,0.35555555555555557,1.9130434782608696,1.0869565217391304,0.5869565217391305
2022-10-09,Crystal Palace,Leeds,2,1,H,1,1.288888888888889,1.2666666666666666,0.26666666666666666,1.1555555555555554,1.9777777777777779,0.24444444444444444
2022-10-09,West Ham,Fulham,3,1,H,1,1.4130434782608696,1.3043478260869565,0.391304347826087,1.625,1.875,0.375
2022-10-09,Arsenal,Liverpool,3,2,H,1,1.7608695652173914,1.2173913043478262,0.6304347826086957,2.488888888888889,0.7777777777777778,0.6666666666666666
2022-10-09,Everton,Man United,1,2,A,0,1.0869565217391304,1.5869565217391304,0.2826086956521739,1.511111111111111,1.5777777777777777,0.4444444444444444
2022-10-10,Nott'm Forest,Aston Villa,1,1,D,0,0.75,2.625,0.125,1.2608695652173914,1.391304347826087,0.32608695652173914
2022-10-14,Brentford,Brighton,2,0,H,1,1.3617021276595744,1.553191489361702,0.3191489361702128,1.2173913043478262,1.1521739130434783,0.34782608695652173
2022-10-15,Leicester,Crystal Palace,0,0,D,0,1.6382978723404256,1.7659574468085106,0.3191489361702128,1.3043478260869565,1.2608695652173914,0.2826086956521739
2022-10-15,Fulham,Bournemouth,2,2,D,0,1.5555555555555556,2.0,0.3333333333333333,0.8888888888888888,2.2222222222222223,0.3333333333333333
2022-10-15,Wolves,Nott'm Forest,1,0,H,1,0.8723404255319149,1.1702127659574468,0.3404255319148936,0.7777777777777778,2.4444444444444446,0.1111111111111111
2022-10-15,Tottenham,Everton,2,0,H,1,1.8936170212765957,1.0638297872340425,0.5957446808510638,1.0851063829787233,1.5957446808510638,0.2765957446808511
2022-10-16,Aston Villa,Chelsea,0,2,A,0,1.2553191489361701,1.3829787234042554,0.3191489361702128,1.934782608695652,0.9347826086956522,0.5652173913043478
2022-10-16,Leeds,Arsenal,0,1,A,0,1.1521739130434783,1.9782608695652173,0.2391304347826087,1.7872340425531914,1.2340425531914894,0.6382978723404256
2022-10-16,Man United,Newcastle,0,0,D,0,1.5217391304347827,1.565217391304348,0.45652173913043476,1.297872340425532,1.5106382978723405,0.3404255319148936
2022-10-16,Southampton,West Ham,1,1,D,0,1.0851063829787233,1.7872340425531914,0.23404255319148937,1.446808510638298,1.297872340425532,0.40425531914893614
2022-10-16,Liverpool,Man City,1,0,H,1,2.4782608695652173,0.8260869565217391,0.6521739130434783,2.8085106382978724,0.7446808510638298,0.7659574468085106
2022-10-18,Brighton,Nott'm Forest,0,0,D,0,1.1914893617021276,1.1702127659574468,0.3404255319148936,0.7,2.3,0.1
2022-10-18,Crystal Palace,Wolves,2,1,H,1,1.2765957446808511,1.2340425531914894,0.2765957446808511,0.875,1.1458333333333333,0.3541666666666667
2022-10-19,Bournemouth,Southampton,0,1,A,0,1.0,2.2,0.3,1.0833333333333333,1.7708333333333333,0.22916666666666666
2022-10-19,Brentford,Chelsea,0,0,D,0,1.375,1.5208333333333333,0.3333333333333333,1.9361702127659575,0.9148936170212766,0.574468085106383
2022-10-19,Liverpool,West Ham,1,0,H,1,2.4468085106382977,0.8085106382978723,0.6595744680851063,1.4375,1.2916666666666667,0.3958333333333333
2022-10-19,Newcastle,Everton,1,0,H,1,1.2708333333333333,1.4791666666666667,0.3333333333333333,1.0625,1.6041666666666667,0.2708333333333333
2022-10-19,Man United,Tottenham,2,0,H,1,1.4893617021276595,1.5319148936170213,0.44680851063829785,1.8958333333333333,1.0416666666666667,0.6041666666666666
2022-10-20,Fulham,Aston Villa,3,0,H,1,1.6,2.0,0.3,1.2291666666666667,1.3958333333333333,0.3125
2022-10-20,Leicester,Leeds,2,0,H,1,1.6041666666666667,1.7291666666666667,0.3125,1.127659574468085,1.9574468085106382,0.23404255319148937
2022-10-22,Nott'm Forest,Liverpool,1,0,H,1,0.6363636363636364,2.090909090909091,0.09090909090909091,2.4166666666666665,0.7916666666666666,0.6666666666666666
2022-10-22,Everton,Crystal Palace,3,0,H,1,1.0408163265306123,1.5918367346938775,0.2653061224489796,1.2916666666666667,1.2291666666666667,0.2916666666666667
2022-10-22,Man City,Brighton,3,1,H,1,2.75,0.75,0.75,1.1666666666666667,1.1458333333333333,0.3333333333333333
2022-10-22,Chelsea,Man United,1,1,D,0,1.8958333333333333,0.8958333333333334,0.5625,1.5,1.5,0.4583333333333333
2022-10-23,Aston Villa,Brentford,4,0,H,1,1.2040816326530612,1.4285714285714286,0.30612244897959184,1.346938775510204,1.489795918367347,0.32653061224489793
2022-10-23,Leeds,Fulham,2,3,A,0,1.1041666666666667,1.9583333333333333,0.22916666666666666,1.7272727272727273,1.8181818181818181,0.36363636363636365
2022-10-23,Southampton,Arsenal,1,1,D,0,1.0816326530612246,1.7346938775510203,0.24489795918367346,1.7708333333333333,1.2083333333333333,0.6458333333333334
2022-10-23,Wolves,Leicester,0,4,A,0,0.8775510204081632,1.163265306122449,0.3469387755102041,1.6122448979591837,1.6938775510204083,0.32653061224489793
2022-10-23,Tottenham,Newcastle,1,2,A,0,1.8571428571428572,1.0612244897959184,0.5918367346938775,1.2653061224489797,1.4489795918367347,0.3469387755102041
2022-10-24,West Ham,Bournemouth,2,0,H,1,1.4081632653061225,1.2857142857142858,0.3877551020408163,0.9090909090909091,2.090909090909091,0.2727272727272727
2022-10-29,Leicester,Man City,0,1,A,0,1.66,1.66,0.34,2.7551020408163267,0.7551020408163265,0.7551020408163265
2022-10-29,Bournemouth,Tottenham,2,3,A,0,0.8333333333333334,2.0833333333333335,0.25,1.84,1.08,0.58
2022-10-29,Brentford,Wolves,1,1,D,0,1.32,1.54,0.32,0.86,1.22,0.34
2022-10-29,Brighton,Chelsea,4,1,H,1,1.163265306122449,1.183673469387755,0.32653061224489793,1.8775510204081634,0.8979591836734694,0.5510204081632653
2022-10-29,Crystal Palace,Southampton,1,0,H,1,1.2653061224489797,1.2653061224489797,0.2857142857142857,1.08,1.72,0.24
2022-10-29,Newcastle,Aston Villa,4,0,H,1,1.28,1.44,0.36,1.26,1.4,0.32
2022-10-29,Fulham,Everton,0,0,D,0,1.8333333333333333,1.8333333333333333,0.4166666666666667,1.08,1.56,0.28
2022-10-29,Liverpool,Leeds,1,2,A,0,2.36734693877551,0.7959183673469388,0.6530612244897959,1.1224489795918366,1.9795918367346939,0.22448979591836735
2022-10-30,Arsenal,Nott'm Forest,5,0,H,1,1.7551020408163265,1.2040816326530612,0.6326530612244898,0.6666666666666666,1.9166666666666667,0.16666666666666666
2022-10-30,Man United,West Ham,1,0,H,1,1.489795918367347,1.489795918367347,0.4489795918367347,1.42,1.26,0.4
2022-11-05,Leeds,Bournemouth,4,3,H,1,1.14,1.96,0.24,0.9230769230769231,2.1538461538461537,0.23076923076923078
2022-11-05,Man City,Fulham,2,1,H,1,2.72,0.74,0.76,1.6923076923076923,1.6923076923076923,0.38461538461538464
2022-11-05,Nott'm Forest,Brentford,2,2,D,0,0.6153846153846154,2.1538461538461537,0.15384615384615385,1.3137254901960784,1.5294117647058822,0.3137254901960784
2022-11-05,Wolves,Brighton,2,3,A,0,0.8627450980392157,1.2156862745098038,0.3333333333333333,1.22,1.18,0.34
2022-11-05,Everton,Leicester,0,2,A,0,1.0588235294117647,1.5294117647058822,0.27450980392156865,1.6274509803921569,1.6470588235294117,0.3333333333333333
2022-11-06,Chelsea,Arsenal,0,1,A,0,1.86,0.96,0.54,1.82,1.18,0.64
2022-11-06,Aston Villa,Man United,3,1,H,1,1.2352941176470589,1.4509803921568627,0.3137254901960784,1.48,1.46,0.46
2022-11-06,Southampton,Newcastle,1,4,A,0,1.0588235294117647,1.7058823529411764,0.23529411764705882,1.3333333333333333,1.411764705882353,0.37254901960784315
2022-11-06,West Ham,Crystal Palace,1,2,A,0,1.392156862745098,1.2549019607843137,0.39215686274509803,1.26,1.24,0.3
2022-11-06,Tottenham,Liverpool,1,2,A,0,1.8627450980392157,1.0980392156862746,0.5882352941176471,2.34,0.82,0.64
2022-11-12,Man City,Brentford,1,2,A,0,2.7058823529411766,0.7450980392156863,0.7647058823529411,1.3269230769230769,1.5384615384615385,0.3076923076923077
2022-11-12,Bournemouth,Everton,3,0,H,1,1.0714285714285714,2.2857142857142856,0.21428571428571427,1.0384615384615385,1.5384615384615385,0.2692307692307692
2022-11-12,Liverpool,Southampton,3,1,H,1,2.3333333333333335,0.8235294117647058,0.6470588235294118,1.0576923076923077,1.75,0.23076923076923078
2022-11-12,Nott'm Forest,Crystal Palace,1,0,H,1,0.7142857142857143,2.142857142857143,0.14285714285714285,1.2745098039215685,1.2352941176470589,0.3137254901960784
2022-11-12,Tottenham,Leeds,4,3,H,1,1.8461538461538463,1.1153846153846154,0.5769230769230769,1.196078431372549,1.9803921568627452,0.2549019607843137
2022-11-12,West Ham,Leicester,0,2,A,0,1.3846153846153846,1.2692307692307692,0.38461538461538464,1.6346153846153846,1.6153846153846154,0.34615384615384615
2022-11-12,Newcastle,Chelsea,1,0,H,1,1.3846153846153846,1.4038461538461537,0.38461538461538464,1.8235294117647058,0.9607843137254902,0.5294117647058824
2022-11-12,Wolves,Arsenal,0,2,A,0,0.8846153846153846,1.25,0.3269230769230769,1.803921568627451,1.1568627450980393,0.6470588235294118
2022-11-13,Brighton,Aston Villa,1,2,A,0,1.2549019607843137,1.196078431372549,0.35294117647058826,1.2692307692307692,1.4423076923076923,0.3269230769230769
2022-11-13,Fulham,Man United,1,2,A,0,1.6428571428571428,1.7142857142857142,0.35714285714285715,1.4705882352941178,1.4901960784313726,0.45098039215686275
2022-12-26,Brentford,Tottenham,2,2,D,0,1.3396226415094339,1.528301886792453,0.32075471698113206,1.8867924528301887,1.150943396226415,0.5849056603773585
2022-12-26,Crystal Palace,Fulham,0,3,A,0,1.25,1.2307692307692308,0.3076923076923077,1.6,1.7333333333333334,0.3333333333333333
2022-12-26,Everton,Wolves,1,2,A,0,1.0188679245283019,1.5660377358490567,0.2641509433962264,0.8679245283018868,1.2641509433962264,0.32075471698113206
2022-12-26,Leicester,Newcastle,0,3,A,0,1.6415094339622642,1.5849056603773586,0.3584905660377358,1.3773584905660377,1.3773584905660377,0.39622641509433965
2022-12-26,Southampton,Brighton,1,3,A,0,1.0566037735849056,1.7735849056603774,0.22641509433962265,1.25,1.2115384615384615,0.34615384615384615
2022-12-26,Aston Villa,Liverpool,1,3,A,0,1.2830188679245282,1.4339622641509433,0.33962264150943394,2.3461538461538463,0.8269230769230769,0.6538461538461539
2022-12-26,Arsenal,West Ham,3,1,H,1,1.8076923076923077,1.1346153846153846,0.6538461538461539,1.3584905660377358,1.2830188679245282,0.37735849056603776
2022-12-27,Chelsea,Bournemouth,2,0,H,1,1.7884615384615385,0.9615384615384616,0.5192307692307693,1.2,2.1333333333333333,0.26666666666666666
2022-12-27,Man United,Nott'm Forest,3,0,H,1,1.4807692307692308,1.4807692307692308,0.46153846153846156,0.7333333333333333,2.0,0.2
2022-12-28,Leeds,Man City,1,3,A,0,1.2307692307692308,2.019230769230769,0.25,2.673076923076923,0.7692307692307693,0.75
2022-12-30,West Ham,Brentford,0,2,A,0,1.3518518518518519,1.3148148148148149,0.37037037037037035,1.3518518518518519,1.537037037037037,0.3148148148148148
2022-12-30,Liverpool,Leicester,2,1,H,1,2.358490566037736,0.8301886792452831,0.660377358490566,1.6111111111111112,1.6111111111111112,0.35185185185185186
2022-12-31,Wolves,Man United,0,1,A,0,0.8888888888888888,1.2592592592592593,0.3333333333333333,1.509433962264151,1.4528301886792452,0.4716981132075472
2022-12-31,Bournemouth,Crystal Palace,0,2,A,0,1.125,2.125,0.25,1.2264150943396226,1.2641509433962264,0.3018867924528302
2022-12-31,Fulham,Southampton,2,1,H,1,1.6875,1.625,0.375,1.0555555555555556,1.7962962962962963,0.2222222222222222
2022-12-31,Man City,Everton,1,1,D,0,2.6792452830188678,0.7735849056603774,0.7547169811320755,1.0185185185185186,1.5740740740740742,0.25925925925925924
2022-12-31,Newcastle,Leeds,0,0,D,0,1.4074074074074074,1.3518518518518519,0.4074074074074074,1.2264150943396226,2.0377358490566038,0.24528301886792453
2022-12-31,Brighton,Arsenal,2,4,A,0,1.2830188679245282,1.2075471698113207,0.3584905660377358,1.830188679245283,1.1320754716981132,0.660377358490566
2023-01-01,Tottenham,Aston Villa,0,2,A,0,1.8888888888888888,1.1666666666666667,0.5740740740740741,1.2777777777777777,1.462962962962963,0.3333333333333333
2023-01-01,Nott'm Forest,Chelsea,1,1,D,0,0.6875,2.0625,0.1875,1.7924528301886793,0.9433962264150944,0.5283018867924528
2023-01-02,Brentford,Liverpool,3,1,H,1,1.3636363636363635,1.509090909090909,0.32727272727272727,2.3518518518518516,0.8333333333333334,0.6666666666666666
2023-01-03,Arsenal,Newcastle,0,0,D,0,1.8703703703703705,1.1481481481481481,0.6666666666666666,1.3818181818181818,1.3272727272727274,0.4
2023-01-03,Everton,Brighton,1,4,A,0,1.018181818181818,1.5636363636363637,0.2545454545454545,1.2962962962962963,1.2592592592592593,0.35185185185185186
2023-01-03,Leicester,Fulham,0,1,A,0,1.6,1.6181818181818182,0.34545454545454546,1.7058823529411764,1.588235294117647,0.4117647058823529
2023-01-03,Man United,Bournemouth,3,0,H,1,1.5,1.4259259259259258,0.48148148148148145,1.0588235294117647,2.1176470588235294,0.23529411764705882
2023-01-04,Southampton,Nott'm Forest,0,1,A,0,1.0545454545454545,1.8,0.21818181818181817,0.7058823529411765,2.0,0.17647058823529413
2023-01-04,Leeds,West Ham,2,2,D,0,1.2037037037037037,2.0,0.24074074074074073,1.3272727272727274,1.3272727272727274,0.36363636363636365
2023-01-04,Aston Villa,Wolves,1,1,D,0,1.290909090909091,1.4363636363636363,0.34545454545454546,0.8727272727272727,1.2545454545454546,0.32727272727272727
2023-01-04,Crystal Palace,Tottenham,0,4,A,0,1.2407407407407407,1.2407407407407407,0.3148148148148148,1.8545454545454545,1.1818181818181819,0.5636363636363636
2023-01-05,Chelsea,Man City,0,1,A,0,1.7777777777777777,0.9444444444444444,0.5185185185185185,2.6481481481481484,0.7777777777777778,0.7407407407407407
2023-01-12,Fulham,Chelsea,2,1,H,1,1.6666666666666667,1.5,0.4444444444444444,1.7454545454545454,0.9454545454545454,0.509090909090909
2023-01-13,Aston Villa,Leeds,2,1,H,1,1.2857142857142858,1.4285714285714286,0.3392857142857143,1.2181818181818183,2.0,0.23636363636363636
2023-01-14,Man United,Man City,2,1,H,1,1.5272727272727273,1.4,0.4909090909090909,2.618181818181818,0.7636363636363637,0.7454545454545455
2023-01-14,Brighton,Liverpool,3,0,H,1,1.3454545454545455,1.2545454545454546,0.36363636363636365,2.327272727272727,0.8727272727272727,0.6545454545454545
2023-01-14,Everton,Southampton,1,2,A,0,1.0178571428571428,1.6071428571428572,0.25,1.0357142857142858,1.7857142857142858,0.21428571428571427
2023-01-14,Nott'm Forest,Leicester,2,0,H,1,0.7222222222222222,1.8888888888888888,0.2222222222222222,1.5714285714285714,1.6071428571428572,0.3392857142857143
2023-01-14,Wolves,West Ham,1,0,H,1,0.875,1.25,0.32142857142857145,1.3392857142857142,1.3392857142857142,0.35714285714285715
2023-01-14,Brentford,Bournemouth,2,0,H,1,1.3928571428571428,1.5,0.3392857142857143,1.0,2.1666666666666665,0.2222222222222222
2023-01-15,Chelsea,Crystal Palace,1,0,H,1,1.7321428571428572,0.9642857142857143,0.5,1.2181818181818183,1.290909090909091,0.3090909090909091
2023-01-15,Newcastle,Fulham,1,0,H,1,1.3571428571428572,1.3035714285714286,0.39285714285714285,1.6842105263157894,1.4736842105263157,0.47368421052631576
2023-01-15,Tottenham,Arsenal,0,2,A,0,1.8928571428571428,1.1607142857142858,0.5714285714285714,1.8363636363636364,1.1272727272727272,0.6545454545454545
2023-01-18,Crystal Palace,Man United,1,1,D,0,1.1964285714285714,1.2857142857142858,0.30357142857142855,1.5357142857142858,1.3928571428571428,0.5
2023-01-19,Man City,Tottenham,4,2,H,1,2.5892857142857144,0.7857142857142857,0.7321428571428571,1.8596491228070176,1.1754385964912282,0.5614035087719298
2023-01-21,Liverpool,Chelsea,0,0,D,0,2.2857142857142856,0.9107142857142857,0.6428571428571429,1.719298245614035,0.9473684210526315,0.5087719298245614
2023-01-21,Bournemouth,Nott'm Forest,1,1,D,0,0.9473684210526315,2.1578947368421053,0.21052631578947367,0.7894736842105263,1.7894736842105263,0.2631578947368421
2023-01-21,Leicester,Brighton,2,2,D,0,1.543859649122807,1.6140350877192982,0.3333333333333333,1.375,1.2321428571428572,0.375
2023-01-21,Southampton,Aston Villa,0,1,A,0,1.0526315789473684,1.7719298245614035,0.22807017543859648,1.2982456140350878,1.4210526315789473,0.3508771929824561
2023-01-21,West Ham,Everton,2,0,H,1,1.3157894736842106,1.3333333333333333,0.3508771929824561,1.0175438596491229,1.6140350877192982,0.24561403508771928
2023-01-21,Crystal Palace,Newcastle,0,0,D,0,1.1929824561403508,1.280701754385965,0.2982456140350877,1.3508771929824561,1.280701754385965,0.40350877192982454
2023-01-22,Leeds,Brentford,0,0,D,0,1.2142857142857142,2.0,0.23214285714285715,1.4035087719298245,1.4736842105263157,0.3508771929824561
2023-01-22,Man City,Wolves,3,0,H,1,2.6140350877192984,0.8070175438596491,0.7368421052631579,0.8771929824561403,1.2280701754385965,0.3333333333333333
2023-01-22,Arsenal,Man United,3,2,H,1,1.8392857142857142,1.1071428571428572,0.6607142857142857,1.5263157894736843,1.3859649122807018,0.49122807017543857
2023-01-23,Fulham,Tottenham,0,1,A,0,1.6,1.45,0.45,1.8620689655172413,1.2241379310344827,0.5517241379310345
2023-02-03,Chelsea,Fulham,0,0,D,0,1.6896551724137931,0.9310344827586207,0.5,1.5238095238095237,1.4285714285714286,0.42857142857142855
2023-02-04,Everton,Arsenal,1,0,H,1,1.0,1.6206896551724137,0.2413793103448276,1.8596491228070176,1.1228070175438596,0.6666666666666666
2023-02-04,Aston Villa,Leicester,2,4,A,0,1.293103448275862,1.396551724137931,0.3620689655172414,1.5517241379310345,1.6206896551724137,0.3275862068965517
2023-02-04,Brentford,Southampton,3,0,H,1,1.3793103448275863,1.4482758620689655,0.3448275862068966,1.0344827586206897,1.7586206896551724,0.22413793103448276
2023-02-04,Brighton,Bournemouth,1,0,H,1,1.3859649122807018,1.2456140350877194,0.3684210526315789,0.95,2.1,0.2
2023-02-04,Man United,Crystal Palace,2,1,H,1,1.5344827586206897,1.4137931034482758,0.4827586206896552,1.1724137931034482,1.2586206896551724,0.29310344827586204
2023-02-04,Wolves,Liverpool,3,0,H,1,0.8620689655172413,1.2586206896551724,0.3275862068965517,2.245614035087719,0.8947368421052632,0.631578947368421
2023-02-04,Newcastle,West Ham,1,1,D,0,1.3275862068965518,1.2586206896551724,0.39655172413793105,1.3275862068965518,1.3103448275862069,0.3620689655172414
2023-02-05,Nott'm Forest,Leeds,1,0,H,1,0.8,1.75,0.25,1.1929824561403508,1.9649122807017543,0.22807017543859648
2023-02-05,Tottenham,Man City,1,0,H,1,1.847457627118644,1.2033898305084745,0.559322033898305,2.6206896551724137,0.7931034482758621,0.7413793103448276
2023-02-08,Man United,Leeds,2,2,D,0,1.5423728813559323,1.4067796610169492,0.4915254237288136,1.1724137931034482,1.9482758620689655,0.22413793103448276
2023-02-11,West Ham,Chelsea,1,1,D,0,1.3220338983050848,1.305084745762712,0.3559322033898305,1.6610169491525424,0.9152542372881356,0.4915254237288136
2023-02-11,Arsenal,Brentford,1,1,D,0,1.8275862068965518,1.1206896551724137,0.6551724137931034,1.4067796610169492,1.423728813559322,0.3559322033898305
2023-02-11,Crystal Palace,Brighton,1,1,D,0,1.1694915254237288,1.271186440677966,0.288135593220339,1.3793103448275863,1.2241379310344827,0.3793103448275862
2023-02-11,Fulham,Nott'm Forest,2,0,H,1,1.4545454545454546,1.3636363636363635,0.4090909090909091,0.8095238095238095,1.6666666666666667,0.2857142857142857
2023-02-11,Leicester,Tottenham,4,1,H,1,1.5932203389830508,1.6271186440677967,0.3389830508474576,1.8333333333333333,1.1833333333333333,0.5666666666666667
2023-02-11,Southampton,Wolves,1,2,A,0,1.0169491525423728,1.7796610169491525,0.22033898305084745,0.8983050847457628,1.2372881355932204,0.3389830508474576
2023-02-11,Bournemouth,Newcastle,1,1,D,0,0.9047619047619048,2.0476190476190474,0.19047619047619047,1.3220338983050848,1.2542372881355932,0.3898305084745763
2023-02-12,Leeds,Man United,0,2,A,0,1.1864406779661016,1.9491525423728813,0.22033898305084745,1.55,1.4166666666666667,0.48333333333333334
2023-02-12,Man City,Aston Villa,3,1,H,1,2.5762711864406778,0.7966101694915254,0.7288135593220338,1.305084745762712,1.4406779661016949,0.3559322033898305
2023-02-13,Liverpool,Everton,2,0,H,1,2.206896551724138,0.9310344827586207,0.6206896551724138,1.0,1.5932203389830508,0.2542372881355932
2023-02-15,Arsenal,Man City,1,3,A,0,1.8135593220338984,1.11864406779661,0.6440677966101694,2.5833333333333335,0.8,0.7333333333333333
2023-02-18,Aston Villa,Arsenal,2,4,A,0,1.3,1.4666666666666666,0.35,1.8,1.15,0.6333333333333333
2023-02-18,Brentford,Crystal Palace,1,1,D,0,1.4,1.4166666666666667,0.35,1.1666666666666667,1.2666666666666666,0.2833333333333333
2023-02-18,Brighton,Fulham,0,1,A,0,1.3728813559322033,1.2203389830508475,0.3728813559322034,1.4782608695652173,1.3043478260869565,0.43478260869565216
2023-02-18,Chelsea,Southampton,0,1,A,0,1.65,0.9166666666666666,0.48333333333333334,1.0166666666666666,1.7833333333333334,0.21666666666666667
2023-02-18,Everton,Leeds,1,0,H,1,0.9833333333333333,1.6,0.25,1.1666666666666667,1.95,0.21666666666666667
2023-02-18,Nott'm Forest,Man City,1,1,D,0,0.7727272727272727,1.6818181818181819,0.2727272727272727,2.5901639344262297,0.8032786885245902,0.7377049180327869
2023-02-18,Wolves,Bournemouth,0,1,A,0,0.9166666666666666,1.2333333333333334,0.35,0.9090909090909091,2.0,0.18181818181818182
2023-02-18,Newcastle,Liverpool,0,2,A,0,1.3166666666666667,1.25,0.38333333333333336,2.2033898305084745,0.9152542372881356,0.6271186440677966
2023-02-19,Man United,Leicester,3,0,H,1,1.5573770491803278,1.3934426229508197,0.4918032786885246,1.6333333333333333,1.6166666666666667,0.35
2023-02-19,Tottenham,West Ham,2,0,H,1,1.819672131147541,1.2295081967213115,0.5573770491803278,1.3166666666666667,1.3,0.35
2023-02-24,Fulham,Wolves,1,1,D,0,1.4583333333333333,1.25,0.4583333333333333,0.9016393442622951,1.2295081967213115,0.3442622950819672
2023-02-25,Everton,Aston Villa,0,2,A,0,0.9836065573770492,1.5737704918032787,0.26229508196721313,1.3114754098360655,1.5081967213114753,0.3442622950819672
2023-02-25,Leeds,Southampton,1,0,H,1,1.1475409836065573,1.9344262295081966,0.21311475409836064,1.0163934426229508,1.7540983606557377,0.22950819672131148
2023-02-25,Leicester,Arsenal,0,1,A,0,1.6065573770491803,1.639344262295082,0.3442622950819672,1.8360655737704918,1.1639344262295082,0.639344262295082
2023-02-25,West Ham,Nott'm Forest,4,0,H,1,1.2950819672131149,1.3114754098360655,0.3442622950819672,0.782608695652174,1.6521739130434783,0.2608695652173913
2023-02-25,Bournemouth,Man City,1,4,A,0,0.9130434782608695,1.9130434782608696,0.21739130434782608,2.564516129032258,0.8064516129032258,0.7258064516129032
2023-02-25,Crystal Palace,Liverpool,0,0,D,0,1.1639344262295082,1.2622950819672132,0.2786885245901639,2.2,0.9,0.6333333333333333
2023-02-26,Tottenham,Chelsea,2,0,H,1,1.8225806451612903,1.2096774193548387,0.5645161290322581,1.6229508196721312,0.9180327868852459,0.47540983606557374
2023-03-01,Arsenal,Everton,4,0,H,1,1.8225806451612903,1.1451612903225807,0.6451612903225806,0.967741935483871,1.5806451612903225,0.25806451612903225
2023-03-01,Liverpool,Wolves,2,0,H,1,2.1639344262295084,0.8852459016393442,0.6229508196721312,0.9032258064516129,1.2258064516129032,0.3387096774193548
2023-03-04,Man City,Newcastle,2,0,H,1,2.5873015873015874,0.8095238095238095,0.7301587301587301,1.2950819672131149,1.2622950819672132,0.3770491803278688
2023-03-04,Arsenal,Bournemouth,3,2,H,1,1.8571428571428572,1.126984126984127,0.6507936507936508,0.9166666666666666,2.0,0.20833333333333334
2023-03-04,Aston Villa,Crystal Palace,1,0,H,1,1.3225806451612903,1.4838709677419355,0.3548387096774194,1.1451612903225807,1.2419354838709677,0.27419354838709675
2023-03-04,Brighton,West Ham,4,0,H,1,1.35,1.2166666666666666,0.36666666666666664,1.3387096774193548,1.2903225806451613,0.3548387096774194
2023-03-04,Chelsea,Leeds,1,0,H,1,1.596774193548387,0.9354838709677419,0.46774193548387094,1.1451612903225807,1.903225806451613,0.22580645161290322
2023-03-04,Wolves,Tottenham,1,0,H,1,0.8888888888888888,1.2380952380952381,0.3333333333333333,1.8253968253968254,1.1904761904761905,0.5714285714285714
2023-03-04,Southampton,Leicester,1,0,H,1,1.0,1.7419354838709677,0.22580645161290322,1.5806451612903225,1.6290322580645162,0.3387096774193548
2023-03-05,Nott'm Forest,Everton,2,2,D,0,0.75,1.75,0.25,0.9523809523809523,1.619047619047619,0.25396825396825395
2023-03-05,Liverpool,Man United,7,0,H,1,2.161290322580645,0.8709677419354839,0.6290322580645161,1.5806451612903225,1.3709677419354838,0.5
2023-03-06,Brentford,Fulham,3,2,H,1,1.3934426229508197,1.4098360655737705,0.3442622950819672,1.44,1.24,0.44
2023-03-11,Bournemouth,Liverpool,1,0,H,1,0.96,2.04,0.2,2.238095238095238,0.8571428571428571,0.6349206349206349
2023-03-11,Everton,Brentford,1,0,H,1,0.96875,1.625,0.25,1.4193548387096775,1.4193548387096775,0.3548387096774194
2023-03-11,Leeds,Brighton,2,2,D,0,1.126984126984127,1.8888888888888888,0.2222222222222222,1.3934426229508197,1.1967213114754098,0.3770491803278688
2023-03-11,Leicester,Chelsea,1,3,A,0,1.5555555555555556,1.619047619047619,0.3333333333333333,1.5873015873015872,0.9206349206349206,0.47619047619047616
2023-03-11,Tottenham,Nott'm Forest,3,1,H,1,1.796875,1.1875,0.5625,0.8,1.76,0.24
2023-03-11,Crystal Palace,Man City,0,1,A,0,1.126984126984127,1.2380952380952381,0.2698412698412698,2.578125,0.796875,0.734375
2023-03-12,Fulham,Arsenal,0,3,A,0,1.4615384615384615,1.3076923076923077,0.4230769230769231,1.875,1.140625,0.65625
2023-03-12,Man United,Southampton,0,0,D,0,1.5555555555555556,1.4603174603174602,0.49206349206349204,1.0,1.7142857142857142,0.23809523809523808
2023-03-12,West Ham,Aston Villa,1,1,D,0,1.3174603174603174,1.3333333333333333,0.3492063492063492,1.3174603174603174,1.4603174603174602,0.36507936507936506
2023-03-12,Newcastle,Wolves,2,1,H,1,1.2741935483870968,1.2741935483870968,0.3709677419354839,0.890625,1.21875,0.34375
2023-03-15,Brighton,Crystal Palace,1,0,H,1,1.403225806451613,1.2096774193548387,0.3709677419354839,1.109375,1.234375,0.265625
2023-03-15,Southampton,Brentford,0,2,A,0,0.984375,1.6875,0.234375,1.3968253968253967,1.4126984126984128,0.3492063492063492
2023-03-17,Nott'm Forest,Newcastle,1,2,A,0,0.8076923076923077,1.8076923076923077,0.23076923076923078,1.2857142857142858,1.2698412698412698,0.38095238095238093
2023-03-18,Aston Villa,Bournemouth,3,0,H,1,1.3125,1.453125,0.359375,0.9615384615384616,1.9615384615384615,0.23076923076923078
2023-03-18,Brentford,Leicester,1,1,D,0,1.40625,1.390625,0.359375,1.546875,1.640625,0.328125
2023-03-18,Southampton,Tottenham,3,3,D,0,0.9692307692307692,1.6923076923076923,0.23076923076923078,1.8153846153846154,1.1846153846153846,0.5692307692307692
2023-03-18,Wolves,Leeds,2,4,A,0,0.8923076923076924,1.2307692307692308,0.3384615384615385,1.140625,1.890625,0.21875
2023-03-18,Chelsea,Everton,2,2,D,0,1.609375,0.921875,0.484375,0.9692307692307692,1.6,0.26153846153846155
2023-03-19,Arsenal,Crystal Palace,4,1,H,1,1.8923076923076922,1.123076923076923,0.6615384615384615,1.0923076923076922,1.2307692307692308,0.26153846153846155
2023-04-01,Man City,Liverpool,4,1,H,1,2.5538461538461537,0.7846153846153846,0.7384615384615385,2.203125,0.859375,0.625
2023-04-01,Arsenal,Leeds,4,1,H,1,1.9242424242424243,1.121212121212121,0.6666666666666666,1.1846153846153846,1.8923076923076922,0.23076923076923078
2023-04-01,Bournemouth,Fulham,2,1,H,1,0.9259259259259259,2.0,0.2222222222222222,1.4074074074074074,1.3703703703703705,0.4074074074074074
2023-04-01,Brighton,Brentford,3,3,D,0,1.3968253968253967,1.1904761904761905,0.38095238095238093,1.4,1.3846153846153846,0.35384615384615387
2023-04-01,Crystal Palace,Leicester,2,1,H,1,1.0909090909090908,1.2727272727272727,0.25757575757575757,1.5384615384615385,1.6307692307692307,0.3230769230769231
2023-04-01,Nott'm Forest,Wolves,1,1,D,0,0.8148148148148148,1.8148148148148149,0.2222222222222222,0.9090909090909091,1.2727272727272727,0.3333333333333333
2023-04-01,Chelsea,Aston Villa,0,2,A,0,1.6153846153846154,0.9384615384615385,0.47692307692307695,1.3384615384615384,1.4307692307692308,0.36923076923076925
2023-04-02,West Ham,Southampton,1,0,H,1,1.3125,1.328125,0.34375,1.0,1.7121212121212122,0.22727272727272727
2023-04-02,Newcastle,Man United,2,0,H,1,1.296875,1.265625,0.390625,1.53125,1.4375,0.484375
2023-04-03,Everton,Tottenham,1,1,D,0,0.9848484848484849,1.606060606060606,0.25757575757575757,1.8333333333333333,1.2121212121212122,0.5606060606060606
2023-04-04,Bournemouth,Brighton,0,2,A,0,0.9642857142857143,1.9642857142857142,0.25,1.421875,1.21875,0.375
2023-04-04,Leeds,Nott'm Forest,2,1,H,1,1.1818181818181819,1.9242424242424243,0.22727272727272727,0.8214285714285714,1.7857142857142858,0.21428571428571427
2023-04-04,Leicester,Aston Villa,1,2,A,0,1.5303030303030303,1.6363636363636365,0.3181818181818182,1.3484848484848484,1.4090909090909092,0.3787878787878788
2023-04-04,Chelsea,Liverpool,0,0,D,0,1.5909090909090908,0.9545454545454546,0.4696969696969697,2.1846153846153844,0.9076923076923077,0.6153846153846154
2023-04-05,Man United,Brentford,1,0,H,1,1.5076923076923077,1.4461538461538461,0.47692307692307695,1.4242424242424243,1.4090909090909092,0.3484848484848485
2023-04-05,West Ham,Newcastle,1,5,A,0,1.3076923076923077,1.3076923076923077,0.35384615384615387,1.3076923076923077,1.2461538461538462,0.4
2023-04-08,Man United,Everton,2,0,H,1,1.5,1.4242424242424243,0.48484848484848486,0.9850746268656716,1.5970149253731343,0.2537313432835821
2023-04-08,Aston Villa,Nott'm Forest,2,0,H,1,1.3582089552238805,1.4029850746268657,0.3880597014925373,0.8275862068965517,1.793103448275862,0.20689655172413793
2023-04-08,Brentford,Newcastle,1,2,A,0,1.4029850746268657,1.4029850746268657,0.34328358208955223,1.3636363636363635,1.2424242424242424,0.4090909090909091
2023-04-08,Fulham,West Ham,0,1,A,0,1.3928571428571428,1.3928571428571428,0.39285714285714285,1.303030303030303,1.3636363636363635,0.3484848484848485
2023-04-08,Leicester,Bournemouth,0,1,A,0,1.5223880597014925,1.6417910447761195,0.31343283582089554,0.9310344827586207,1.9655172413793103,0.2413793103448276
2023-04-08,Tottenham,Brighton,2,1,H,1,1.8208955223880596,1.208955223880597,0.5522388059701493,1.4307692307692308,1.2,0.38461538461538464
2023-04-08,Wolves,Chelsea,1,0,H,1,0.9104477611940298,1.2686567164179106,0.3283582089552239,1.5671641791044777,0.9402985074626866,0.4626865671641791
2023-04-08,Southampton,Man City,1,4,A,0,0.9850746268656716,1.7014925373134329,0.22388059701492538,2.5757575757575757,0.7878787878787878,0.7424242424242424
2023-04-09,Leeds,Crystal Palace,1,5,A,0,1.1940298507462686,1.9104477611940298,0.23880597014925373,1.1044776119402986,1.2686567164179106,0.26865671641791045
2023-04-09,Liverpool,Arsenal,2,2,D,0,2.1515151515151514,0.8939393939393939,0.6060606060606061,1.955223880597015,1.1194029850746268,0.6716417910447762
2023-04-15,Aston Villa,Newcastle,3,0,H,1,1.3676470588235294,1.3823529411764706,0.39705882352941174,1.373134328358209,1.2388059701492538,0.417910447761194
2023-04-15,Chelsea,Brighton,1,2,A,0,1.5441176470588236,0.9411764705882353,0.45588235294117646,1.4242424242424243,1.2121212121212122,0.3787878787878788
2023-04-15,Everton,Fulham,1,3,A,0,0.9705882352941176,1.6029411764705883,0.25,1.3448275862068966,1.3793103448275863,0.3793103448275862
2023-04-15,Southampton,Crystal Palace,0,2,A,0,0.9852941176470589,1.7352941176470589,0.22058823529411764,1.161764705882353,1.2647058823529411,0.27941176470588236
2023-04-15,Tottenham,Bournemouth,2,3,A,0,1.8235294117647058,1.2058823529411764,0.5588235294117647,0.9333333333333333,1.9,0.26666666666666666
2023-04-15,Wolves,Brentford,2,0,H,1,0.9117647058823529,1.25,0.3382352941176471,1.3970588235294117,1.411764705882353,0.3382352941176471
2023-04-15,Man City,Leicester,3,1,H,1,2.5970149253731343,0.7910447761194029,0.746268656716418,1.5,1.6323529411764706,0.3088235294117647
2023-04-16,West Ham,Arsenal,2,2,D,0,1.2985074626865671,1.3432835820895523,0.3582089552238806,1.9558823529411764,1.1323529411764706,0.6617647058823529
2023-04-16,Nott'm Forest,Man United,0,2,A,0,0.8,1.8,0.2,1.507462686567164,1.4029850746268657,0.4925373134328358
2023-04-17,Leeds,Liverpool,1,6,A,0,1.1911764705882353,1.9558823529411764,0.23529411764705882,2.1492537313432836,0.9104477611940298,0.5970149253731343
2023-04-21,Arsenal,Southampton,3,3,D,0,1.9565217391304348,1.144927536231884,0.6521739130434783,0.9710144927536232,1.7391304347826086,0.21739130434782608
2023-04-22,Fulham,Leeds,2,1,H,1,1.4,1.3666666666666667,0.4,1.1884057971014492,2.0144927536231885,0.2318840579710145
2023-04-22,Brentford,Aston Villa,1,1,D,0,1.3768115942028984,1.4202898550724639,0.3333333333333333,1.391304347826087,1.3623188405797102,0.4057971014492754
2023-04-22,Crystal Palace,Everton,0,0,D,0,1.173913043478261,1.2463768115942029,0.2898550724637681,0.9710144927536232,1.6231884057971016,0.2463768115942029
2023-04-22,Leicester,Wolves,2,1,H,1,1.4927536231884058,1.6521739130434783,0.30434782608695654,0.927536231884058,1.2318840579710144,0.34782608695652173
2023-04-22,Liverpool,Nott'm Forest,3,2,H,1,2.2058823529411766,0.9117647058823529,0.6029411764705882,0.7741935483870968,1.8064516129032258,0.1935483870967742
2023-04-23,Bournemouth,West Ham,0,4,A,0,1.0,1.903225806451613,0.2903225806451613,1.3088235294117647,1.3529411764705883,0.35294117647058826
2023-04-23,Newcastle,Tottenham,6,1,H,1,1.3529411764705883,1.2647058823529411,0.4117647058823529,1.826086956521739,1.2318840579710144,0.5507246376811594
2023-04-25,Wolves,Crystal Palace,2,0,H,1,0.9285714285714286,1.2428571428571429,0.34285714285714286,1.1571428571428573,1.2285714285714286,0.2857142857142857
2023-04-25,Aston Villa,Fulham,1,0,H,1,1.3857142857142857,1.3571428571428572,0.4,1.4193548387096775,1.3548387096774193,0.41935483870967744
2023-04-25,Leeds,Leicester,1,1,D,0,1.1857142857142857,2.0142857142857142,0.22857142857142856,1.5,1.6428571428571428,0.3142857142857143
2023-04-26,Nott'm Forest,Brighton,3,1,H,1,0.8125,1.84375,0.1875,1.4328358208955223,1.208955223880597,0.3880597014925373
2023-04-26,Chelsea,Brentford,0,2,A,0,1.536231884057971,0.9565217391304348,0.4492753623188406,1.3714285714285714,1.4142857142857144,0.32857142857142857
2023-04-26,West Ham,Liverpool,1,2,A,0,1.3478260869565217,1.3333333333333333,0.36231884057971014,2.217391304347826,0.927536231884058,0.6086956521739131
2023-04-26,Man City,Arsenal,4,1,H,1,2.6029411764705883,0.7941176470588235,0.75,1.9714285714285715,1.1714285714285715,0.6428571428571429
2023-04-27,Everton,Newcastle,1,4,A,0,0.9571428571428572,1.6,0.24285714285714285,1.4202898550724639,1.2608695652173914,0.42028985507246375
2023-04-27,Southampton,Bournemouth,0,1,A,0,1.0,1.7571428571428571,0.21428571428571427,0.96875,1.96875,0.28125
2023-04-27,Tottenham,Man United,2,2,D,0,1.8142857142857143,1.3,0.5428571428571428,1.5147058823529411,1.3823529411764706,0.5
2023-04-29,Crystal Palace,West Ham,4,3,H,1,1.1408450704225352,1.2394366197183098,0.28169014084507044,1.3428571428571427,1.3428571428571427,0.35714285714285715
2023-04-29,Brentford,Nott'm Forest,2,1,H,1,1.380281690140845,1.3943661971830985,0.3380281690140845,0.8787878787878788,1.8181818181818181,0.21212121212121213
2023-04-29,Brighton,Wolves,6,0,H,1,1.4264705882352942,1.2352941176470589,0.38235294117647056,0.9436619718309859,1.2253521126760563,0.352112676056338
2023-04-30,Bournemouth,Leeds,4,1,H,1,0.9696969696969697,1.9090909090909092,0.30303030303030304,1.1830985915492958,2.0,0.22535211267605634
2023-04-30,Fulham,Man City,1,2,A,0,1.375,1.34375,0.40625,2.6231884057971016,0.7971014492753623,0.7536231884057971
2023-04-30,Man United,Aston Villa,1,0,H,1,1.5217391304347827,1.391304347826087,0.4927536231884058,1.380281690140845,1.3380281690140845,0.4084507042253521
2023-04-30,Newcastle,Southampton,3,1,H,1,1.457142857142857,1.2571428571428571,0.42857142857142855,0.9859154929577465,1.7464788732394365,0.2112676056338028
2023-04-30,Liverpool,Tottenham,4,3,H,1,2.2142857142857144,0.9285714285714286,0.6142857142857143,1.8169014084507042,1.3098591549295775,0.5352112676056338
2023-05-01,Leicester,Everton,2,2,D,0,1.4929577464788732,1.6338028169014085,0.30985915492957744,0.9577464788732394,1.6338028169014085,0.23943661971830985
2023-05-02,Arsenal,Chelsea,3,1,H,1,1.9577464788732395,1.2112676056338028,0.6338028169014085,1.5142857142857142,0.9714285714285714,0.44285714285714284
2023-05-03,Liverpool,Fulham,1,0,H,1,2.23943661971831,0.9577464788732394,0.6197183098591549,1.3636363636363635,1.3636363636363635,0.3939393939393939
2023-05-03,Man City,West Ham,3,0,H,1,2.6142857142857143,0.8,0.7571428571428571,1.3661971830985915,1.380281690140845,0.352112676056338
2023-05-04,Brighton,Man United,1,0,H,1,1.4927536231884058,1.2173913043478262,0.391304347826087,1.5142857142857142,1.3714285714285714,0.5
2023-05-06,Bournemouth,Chelsea,1,3,A,0,1.0588235294117647,1.8823529411764706,0.3235294117647059,1.5070422535211268,1.0,0.43661971830985913
2023-05-06,Man City,Leeds,2,1,H,1,2.619718309859155,0.7887323943661971,0.7605633802816901,1.1805555555555556,2.0277777777777777,0.2222222222222222
2023-05-06,Tottenham,Crystal Palace,1,0,H,1,1.8333333333333333,1.3472222222222223,0.5277777777777778,1.1805555555555556,1.2638888888888888,0.2916666666666667
2023-05-06,Wolves,Aston Villa,1,0,H,1,0.9305555555555556,1.2916666666666667,0.3472222222222222,1.3611111111111112,1.3333333333333333,0.4027777777777778
2023-05-06,Liverpool,Brentford,1,0,H,1,2.2222222222222223,0.9444444444444444,0.625,1.3888888888888888,1.3888888888888888,0.3472222222222222
2023-05-07,Newcastle,Arsenal,0,2,A,0,1.4788732394366197,1.2535211267605635,0.43661971830985913,1.9722222222222223,1.2083333333333333,0.6388888888888888
2023-05-07,West Ham,Man United,1,0,H,1,1.3472222222222223,1.4027777777777777,0.3472222222222222,1.4929577464788732,1.3661971830985915,0.49295774647887325
2023-05-08,Fulham,Leicester,5,3,H,1,1.3235294117647058,1.3529411764705883,0.38235294117647056,1.5,1.6388888888888888,0.3055555555555556
2023-05-08,Brighton,Everton,1,5,A,0,1.4857142857142858,1.2,0.4,0.9722222222222222,1.6388888888888888,0.2361111111111111
2023-05-08,Nott'm Forest,Southampton,4,3,H,1,0.8823529411764706,1.8235294117647058,0.20588235294117646,0.9861111111111112,1.7638888888888888,0.20833333333333334
2023-05-13,Leeds,Newcastle,2,2,D,0,1.178082191780822,2.0273972602739727,0.2191780821917808,1.4583333333333333,1.2638888888888888,0.4305555555555556
2023-05-13,Aston Villa,Tottenham,2,1,H,1,1.3424657534246576,1.3287671232876712,0.3972602739726027,1.821917808219178,1.3287671232876712,0.5342465753424658
2023-05-13,Chelsea,Nott'm Forest,2,2,D,0,1.5277777777777777,1.0,0.4444444444444444,0.9714285714285714,1.8571428571428572,0.22857142857142856
2023-05-13,Crystal Palace,Bournemouth,2,0,H,1,1.1643835616438356,1.2602739726027397,0.2876712328767123,1.0571428571428572,1.9142857142857144,0.3142857142857143
2023-05-13,Man United,Wolves,2,0,H,1,1.4722222222222223,1.3611111111111112,0.4861111111111111,0.9315068493150684,1.273972602739726,0.3561643835616438
2023-05-13,Southampton,Fulham,0,2,A,0,1.0136986301369864,1.7945205479452055,0.2054794520547945,1.4285714285714286,1.4,0.4
2023-05-14,Brentford,West Ham,2,0,H,1,1.36986301369863,1.3835616438356164,0.3424657534246575,1.3424657534246576,1.3835616438356164,0.3561643835616438
2023-05-14,Everton,Man City,0,3,A,0,1.0273972602739727,1.63013698630137,0.2465753424657534,2.611111111111111,0.7916666666666666,0.7638888888888888
2023-05-14,Arsenal,Brighton,0,3,A,0,1.9726027397260273,1.1917808219178083,0.6438356164383562,1.4788732394366197,1.2535211267605635,0.39436619718309857
2023-05-15,Leicester,Liverpool,0,3,A,0,1.5205479452054795,1.6849315068493151,0.3013698630136986,2.2054794520547945,0.9315068493150684,0.6301369863013698
2023-05-18,Newcastle,Brighton,4,1,H,1,1.4657534246575343,1.273972602739726,0.4246575342465753,1.5,1.2361111111111112,0.4027777777777778
2023-05-20,Tottenham,Brentford,1,3,A,0,1.8108108108108107,1.337837837837838,0.527027027027027,1.3783783783783783,1.364864864864865,0.35135135135135137
2023-05-20,Bournemouth,Man United,0,1,A,0,1.0277777777777777,1.9166666666666667,0.3055555555555556,1.4794520547945205,1.3424657534246576,0.4931506849315068
2023-05-20,Fulham,Crystal Palace,2,2,D,0,1.4444444444444444,1.3611111111111112,0.4166666666666667,1.1756756756756757,1.2432432432432432,0.2972972972972973
2023-05-20,Liverpool,Aston Villa,1,1,D,0,2.2162162162162162,0.918918918918919,0.6351351351351351,1.3513513513513513,1.3243243243243243,0.40540540540540543
2023-05-20,Wolves,Everton,1,1,D,0,0.918918918918919,1.2837837837837838,0.35135135135135137,1.0135135135135136,1.6486486486486487,0.24324324324324326
2023-05-20,Nott'm Forest,Arsenal,1,0,H,1,1.0,1.8611111111111112,0.2222222222222222,1.945945945945946,1.2162162162162162,0.6351351351351351
2023-05-21,West Ham,Leeds,3,1,H,1,1.3243243243243243,1.3918918918918919,0.35135135135135137,1.1891891891891893,2.027027027027027,0.21621621621621623
2023-05-21,Brighton,Southampton,3,1,H,1,1.4931506849315068,1.273972602739726,0.3972602739726027,1.0,1.7972972972972974,0.20270270270270271
2023-05-21,Man City,Chelsea,1,0,H,1,2.6164383561643834,0.7808219178082192,0.7671232876712328,1.5342465753424657,1.0136986301369864,0.4383561643835616
2023-05-22,Newcastle,Leicester,0,0,D,0,1.5,1.2702702702702702,0.43243243243243246,1.5,1.7027027027027026,0.2972972972972973
2023-05-24,Brighton,Man City,1,1,D,0,1.5135135135135136,1.2702702702702702,0.40540540540540543,2.5945945945945947,0.7702702702702703,0.7702702702702703
2023-05-25,Man United,Chelsea,4,1,H,1,1.472972972972973,1.3243243243243243,0.5,1.5135135135135136,1.0135135135135136,0.43243243243243246
2023-05-28,Arsenal,Wolves,5,0,H,1,1.92,1.2133333333333334,0.6266666666666667,0.92,1.28,0.3466666666666667
2023-05-28,Aston Villa,Brighton,2,1,H,1,1.3466666666666667,1.32,0.4,1.5066666666666666,1.2666666666666666,0.4
2023-05-28,Brentford,Man City,1,0,H,1,1.4,1.36,0.36,2.5733333333333333,0.7733333333333333,0.76
2023-05-28,Chelsea,Newcastle,1,1,D,0,1.5066666666666666,1.0533333333333332,0.4266666666666667,1.48,1.2533333333333334,0.4266666666666667
2023-05-28,Crystal Palace,Nott'm Forest,1,1,D,0,1.1866666666666668,1.2533333333333334,0.29333333333333333,1.0,1.8108108108108107,0.24324324324324326
2023-05-28,Everton,Bournemouth,1,0,H,1,1.0133333333333334,1.64,0.24,1.0,1.8918918918918919,0.2972972972972973
2023-05-28,Leeds,Tottenham,1,4,A,0,1.1866666666666668,2.04,0.21333333333333335,1.8,1.36,0.52
2023-05-28,Leicester,West Ham,2,1,H,1,1.48,1.68,0.29333333333333333,1.3466666666666667,1.3866666666666667,0.36
2023-05-28,Man United,Fulham,2,1,H,1,1.5066666666666666,1.32,0.5066666666666667,1.4594594594594594,1.3783783783783783,0.40540540540540543
2023-05-28,Southampton,Liverpool,4,4,D,0,1.0,1.8133333333333332,0.2,2.2,0.92,0.6266666666666667
2024-08-16,Man United,Fulham,1,0,H,1,1.5087719298245614,1.3859649122807018,0.5,1.4473684210526316,1.5,0.3684210526315789
2024-08-17,Ipswich,Liverpool,0,2,A,0,,,,2.236842105263158,1.0,0.6228070175438597
2024-08-17,Arsenal,Wolves,2,0,H,1,2.1052631578947367,1.0526315789473684,0.6666666666666666,1.043859649122807,1.456140350877193,0.34210526315789475
2024-08-17,Everton,Brighton,0,3,A,0,1.0263157894736843,1.5263157894736843,0.2807017543859649,1.4824561403508771,1.394736842105263,0.3684210526315789
2024-08-17,Newcastle,Southampton,1,0,H,1,1.7280701754385965,1.3771929824561404,0.43859649122807015,1.0394736842105263,1.8421052631578947,0.19736842105263158
2024-08-17,Nott'm Forest,Bournemouth,1,1,D,0,1.144736842105263,1.7763157894736843,0.23684210526315788,1.1973684210526316,1.8157894736842106,0.3157894736842105
2024-08-17,West Ham,Aston Villa,1,2,A,0,1.4210526315789473,1.5789473684210527,0.35964912280701755,1.5701754385964912,1.412280701754386,0.4473684210526316
2024-08-18,Brentford,Crystal Palace,2,1,H,1,1.4210526315789473,1.4649122807017543,0.3333333333333333,1.2894736842105263,1.3421052631578947,0.30701754385964913
2024-08-18,Chelsea,Man City,0,2,A,0,1.6754385964912282,1.2543859649122806,0.43859649122807015,2.5350877192982457,0.8157894736842105,0.7456140350877193
2024-08-19,Leicester,Tottenham,1,1,D,0,1.486842105263158,1.6710526315789473,0.3026315789473684,1.868421052631579,1.4385964912280702,0.5263157894736842
2024-08-24,Brighton,Man United,2,1,H,1,1.4956521739130435,1.382608695652174,0.3739130434782609,1.5043478260869565,1.373913043478261,0.5043478260869565
2024-08-24,Crystal Palace,West Ham,0,2,A,0,1.2869565217391303,1.3478260869565217,0.30434782608695654,1.4173913043478261,1.5826086956521739,0.3565217391304348
2024-08-24,Fulham,Leicester,2,1,H,1,1.4285714285714286,1.4935064935064934,0.36363636363636365,1.4805194805194806,1.6623376623376624,0.2987012987012987
2024-08-24,Man City,Ipswich,4,1,H,1,2.5304347826086957,0.808695652173913,0.7478260869565218,0.0,2.0,0.0
2024-08-24,Southampton,Nott'm Forest,0,1,A,0,1.025974025974026,1.8311688311688312,0.19480519480519481,1.1428571428571428,1.7662337662337662,0.23376623376623376
2024-08-24,Tottenham,Everton,4,0,H,1,1.8608695652173912,1.434782608695652,0.5217391304347826,1.017391304347826,1.5391304347826087,0.2782608695652174
2024-08-24,Aston Villa,Arsenal,0,2,A,0,1.5739130434782609,1.4086956521739131,0.45217391304347826,2.1043478260869564,1.0434782608695652,0.6695652173913044
2024-08-25,Bournemouth,Newcastle,1,1,D,0,1.1948051948051948,1.8051948051948052,0.3116883116883117,1.7217391304347827,1.3652173913043477,0.4434782608695652
2024-08-25,Wolves,Chelsea,2,6,A,0,1.0347826086956522,1.4608695652173913,0.3391304347826087,1.6608695652173913,1.2608695652173914,0.43478260869565216
2024-08-25,Liverpool,Brentford,2,0,H,1,2.234782608695652,0.991304347826087,0.6260869565217392,1.4260869565217391,1.4608695652173913,0.3391304347826087
2024-08-31,Arsenal,Brighton,1,1,D,0,2.103448275862069,1.0344827586206897,0.6724137931034483,1.5,1.3793103448275863,0.3793103448275862
2024-08-31,Brentford,Southampton,3,1,H,1,1.4137931034482758,1.4655172413793103,0.33620689655172414,1.0128205128205128,1.8205128205128205,0.19230769230769232
2024-08-31,Everton,Bournemouth,2,3,A,0,1.0086206896551724,1.5603448275862069,0.27586206896551724,1.1923076923076923,1.794871794871795,0.3076923076923077
2024-08-31,Ipswich,Fulham,1,1,D,0,0.5,3.0,0.0,1.435897435897436,1.4871794871794872,0.3717948717948718
2024-08-31,Leicester,Aston Villa,1,2,A,0,1.4743589743589745,1.6666666666666667,0.2948717948717949,1.5603448275862069,1.4137931034482758,0.4482758620689655
2024-08-31,Nott'm Forest,Wolves,1,1,D,0,1.141025641025641,1.7435897435897436,0.24358974358974358,1.043103448275862,1.5,0.33620689655172414
2024-08-31,West Ham,Man City,1,3,A,0,1.4224137931034482,1.5689655172413792,0.3620689655172414,2.543103448275862,0.8103448275862069,0.75
2024-09-01,Chelsea,Crystal Palace,1,1,D,0,1.6982758620689655,1.2672413793103448,0.4396551724137931,1.2758620689655173,1.353448275862069,0.3017241379310345
2024-09-01,Newcastle,Tottenham,2,1,H,1,1.7155172413793103,1.3620689655172413,0.4396551724137931,1.8793103448275863,1.4224137931034482,0.5258620689655172
2024-09-01,Man United,Liverpool,0,3,A,0,1.5,1.3793103448275863,0.5,2.2327586206896552,0.9827586206896551,0.6293103448275862
2024-09-14,Southampton,Man United,0,3,A,0,1.0126582278481013,1.8354430379746836,0.189873417721519,1.4871794871794872,1.393162393162393,0.49572649572649574
2024-09-14,Brighton,Ipswich,0,0,D,0,1.4957264957264957,1.376068376068376,0.37606837606837606,0.6666666666666666,2.3333333333333335,0.0
2024-09-14,Crystal Palace,Leicester,2,2,D,0,1.2735042735042734,1.3504273504273505,0.29914529914529914,1.4683544303797469,1.6708860759493671,0.2911392405063291
2024-09-14,Fulham,West Ham,1,1,D,0,1.4303797468354431,1.481012658227848,0.3670886075949367,1.4188034188034189,1.5811965811965811,0.358974358974359
2024-09-14,Liverpool,Nott'm Forest,0,1,A,0,2.2393162393162394,0.9743589743589743,0.6324786324786325,1.139240506329114,1.7341772151898733,0.24050632911392406
2024-09-14,Man City,Brentford,2,1,H,1,2.547008547008547,0.811965811965812,0.7521367521367521,1.4273504273504274,1.4615384615384615,0.3418803418803419
2024-09-14,Aston Villa,Everton,3,2,H,1,1.564102564102564,1.4102564102564104,0.452991452991453,1.017094017094017,1.5726495726495726,0.27350427350427353
2024-09-14,Bournemouth,Chelsea,0,1,A,0,1.2151898734177216,1.7974683544303798,0.31645569620253167,1.6923076923076923,1.264957264957265,0.4358974358974359
2024-09-15,Tottenham,Arsenal,0,1,A,0,1.8717948717948718,1.4273504273504274,0.5213675213675214,2.094017094017094,1.0341880341880343,0.6666666666666666
2024-09-15,Wolves,Newcastle,1,2,A,0,1.0427350427350428,1.4957264957264957,0.3333333333333333,1.7179487179487178,1.358974358974359,0.4444444444444444
2024-09-21,West Ham,Chelsea,0,3,A,0,1.4152542372881356,1.576271186440678,0.3559322033898305,1.6864406779661016,1.2542372881355932,0.4406779661016949
2024-09-21,Aston Villa,Wolves,3,1,H,1,1.576271186440678,1.4152542372881356,0.4576271186440678,1.0423728813559323,1.5,0.3305084745762712
2024-09-21,Fulham,Newcastle,3,1,H,1,1.425,1.475,0.3625,1.7203389830508475,1.3559322033898304,0.4491525423728814
2024-09-21,Leicester,Everton,1,1,D,0,1.475,1.675,0.2875,1.0254237288135593,1.5847457627118644,0.2711864406779661
2024-09-21,Liverpool,Bournemouth,3,0,H,1,2.2203389830508473,0.9745762711864406,0.6271186440677966,1.2,1.7875,0.3125
2024-09-21,Southampton,Ipswich,1,1,D,0,1.0,1.85,0.1875,0.5,1.75,0.0
2024-09-21,Tottenham,Brentford,3,1,H,1,1.8559322033898304,1.423728813559322,0.5169491525423728,1.423728813559322,1.4661016949152543,0.3389830508474576
2024-09-21,Crystal Palace,Man United,0,0,D,0,1.2796610169491525,1.3559322033898304,0.2966101694915254,1.5,1.38135593220339,0.5
2024-09-22,Brighton,Nott'm Forest,2,2,D,0,1.4830508474576272,1.3644067796610169,0.3728813559322034,1.1375,1.7125,0.25
2024-09-22,Man City,Arsenal,2,2,D,0,2.542372881355932,0.8135593220338984,0.7542372881355932,2.0847457627118646,1.0254237288135593,0.6694915254237288
2024-09-28,Newcastle,Man City,1,1,D,0,1.7142857142857142,1.3697478991596639,0.44537815126050423,2.53781512605042,0.8235294117647058,0.7478991596638656
2024-09-28,Arsenal,Leicester,4,2,H,1,2.0840336134453783,1.0336134453781514,0.6638655462184874,1.4691358024691359,1.6666666666666667,0.2839506172839506
2024-09-28,Brentford,West Ham,1,1,D,0,1.4201680672268908,1.4789915966386555,0.33613445378151263,1.403361344537815,1.588235294117647,0.35294117647058826
2024-09-28,Chelsea,Brighton,4,2,H,1,1.6974789915966386,1.2436974789915967,0.44537815126050423,1.4873949579831933,1.3697478991596639,0.3697478991596639
2024-09-28,Everton,Crystal Palace,2,1,H,1,1.0252100840336134,1.5798319327731092,0.2689075630252101,1.26890756302521,1.3445378151260505,0.29411764705882354
2024-09-28,Nott'm Forest,Fulham,0,1,A,0,1.1481481481481481,1.7160493827160495,0.24691358024691357,1.4444444444444444,1.4691358024691359,0.37037037037037035
2024-09-28,Wolves,Liverpool,1,2,A,0,1.0420168067226891,1.5126050420168067,0.3277310924369748,2.226890756302521,0.9663865546218487,0.6302521008403361
2024-09-29,Ipswich,Aston Villa,2,2,D,0,0.6,1.6,0.0,1.588235294117647,1.411764705882353,0.46218487394957986
2024-09-29,Man United,Tottenham,0,3,A,0,1.4873949579831933,1.3697478991596639,0.4957983193277311,1.865546218487395,1.4201680672268908,0.5210084033613446
2024-09-30,Bournemouth,Southampton,3,1,H,1,1.1851851851851851,1.8024691358024691,0.30864197530864196,1.0,1.8395061728395061,0.18518518518518517
2024-10-05,Crystal Palace,Liverpool,0,1,A,0,1.2666666666666666,1.35,0.2916666666666667,2.225,0.9666666666666667,0.6333333333333333
2024-10-05,Arsenal,Southampton,3,1,H,1,2.1,1.0416666666666667,0.6666666666666666,1.0,1.853658536585366,0.18292682926829268
2024-10-05,Brentford,Wolves,5,3,H,1,1.4166666666666667,1.475,0.3333333333333333,1.0416666666666667,1.5166666666666666,0.325
2024-10-05,Leicester,Bournemouth,1,0,H,1,1.475609756097561,1.6951219512195121,0.2804878048780488,1.2073170731707317,1.7926829268292683,0.3170731707317073
2024-10-05,Man City,Fulham,3,2,H,1,2.525,0.825,0.7416666666666667,1.4390243902439024,1.451219512195122,0.3780487804878049
2024-10-05,West Ham,Ipswich,4,1,H,1,1.4,1.5833333333333333,0.35,0.8333333333333334,1.6666666666666667,0.0
2024-10-05,Everton,Newcastle,0,0,D,0,1.0333333333333334,1.575,0.275,1.7083333333333333,1.3666666666666667,0.44166666666666665
2024-10-06,Aston Villa,Man United,0,0,D,0,1.5916666666666666,1.4166666666666667,0.4583333333333333,1.475,1.3833333333333333,0.49166666666666664
2024-10-06,Chelsea,Nott'm Forest,1,1,D,0,1.7166666666666666,1.25,0.45,1.1341463414634145,1.7073170731707317,0.24390243902439024
2024-10-06,Brighton,Tottenham,3,2,H,1,1.4916666666666667,1.3916666666666666,0.36666666666666664,1.875,1.4083333333333334,0.525
2024-10-19,Tottenham,West Ham,4,1,H,1,1.8760330578512396,1.421487603305785,0.5206611570247934,1.421487603305785,1.578512396694215,0.35537190082644626
2024-10-19,Fulham,Aston Villa,1,3,A,0,1.4457831325301205,1.4698795180722892,0.37349397590361444,1.578512396694215,1.4049586776859504,0.45454545454545453
2024-10-19,Ipswich,Everton,0,2,A,0,0.8571428571428571,2.0,0.0,1.024793388429752,1.56198347107438,0.2727272727272727
2024-10-19,Man United,Brentford,2,1,H,1,1.462809917355372,1.371900826446281,0.48760330578512395,1.4462809917355373,1.487603305785124,0.33884297520661155
2024-10-19,Newcastle,Brighton,0,1,A,0,1.6942148760330578,1.3553719008264462,0.4380165289256198,1.5041322314049588,1.396694214876033,0.371900826446281
2024-10-19,Southampton,Leicester,2,3,A,0,1.0,1.8674698795180722,0.18072289156626506,1.4698795180722892,1.6746987951807228,0.2891566265060241
2024-10-19,Bournemouth,Arsenal,2,0,H,1,1.1927710843373494,1.783132530120482,0.3132530120481928,2.1074380165289255,1.0413223140495869,0.6694214876033058
2024-10-20,Wolves,Man City,1,2,A,0,1.0578512396694215,1.5454545454545454,0.32231404958677684,2.5289256198347108,0.8347107438016529,0.743801652892562
2024-10-20,Liverpool,Chelsea,2,1,H,1,2.2148760330578514,0.9586776859504132,0.6363636363636364,1.7107438016528926,1.2479338842975207,0.4462809917355372
2024-10-21,Nott'm Forest,Crystal Palace,1,0,H,1,1.1325301204819278,1.6987951807228916,0.24096385542168675,1.256198347107438,1.3471074380165289,0.2892561983471074
2024-10-25,Leicester,Nott'm Forest,1,3,A,0,1.4880952380952381,1.6785714285714286,0.2976190476190476,1.130952380952381,1.6785714285714286,0.25
2024-10-26,Aston Villa,Bournemouth,1,1,D,0,1.5901639344262295,1.401639344262295,0.45901639344262296,1.2023809523809523,1.7619047619047619,0.32142857142857145
2024-10-26,Brentford,Ipswich,4,3,H,1,1.4426229508196722,1.4918032786885247,0.3360655737704918,0.75,2.0,0.0
2024-10-26,Brighton,Wolves,2,2,D,0,1.5,1.3852459016393444,0.3770491803278688,1.0573770491803278,1.5491803278688525,0.319672131147541
2024-10-26,Man City,Southampton,1,0,H,1,2.5245901639344264,0.8360655737704918,0.7459016393442623,1.0119047619047619,1.880952380952381,0.17857142857142858
2024-10-26,Everton,Fulham,1,1,D,0,1.0327868852459017,1.5491803278688525,0.2786885245901639,1.4404761904761905,1.4880952380952381,0.36904761904761907
2024-10-27,Chelsea,Newcastle,2,1,H,1,1.7049180327868851,1.2540983606557377,0.4426229508196721,1.680327868852459,1.3524590163934427,0.4344262295081967
2024-10-27,Crystal Palace,Tottenham,1,0,H,1,1.2459016393442623,1.3442622950819672,0.28688524590163933,1.8934426229508197,1.4180327868852458,0.5245901639344263
2024-10-27,West Ham,Man United,2,1,H,1,1.4180327868852458,1.598360655737705,0.3524590163934426,1.4672131147540983,1.3688524590163935,0.4918032786885246
2024-10-27,Arsenal,Liverpool,2,2,D,0,2.0901639344262297,1.0491803278688525,0.6639344262295082,2.2131147540983607,0.9590163934426229,0.639344262295082
2024-11-02,Newcastle,Arsenal,1,0,H,1,1.6747967479674797,1.3577235772357723,0.43089430894308944,2.089430894308943,1.056910569105691,0.6585365853658537
2024-11-02,Bournemouth,Man City,2,1,H,1,1.2,1.7529411764705882,0.3176470588235294,2.5121951219512195,0.8292682926829268,0.7479674796747967
2024-11-02,Ipswich,Leicester,1,1,D,0,1.0,2.2222222222222223,0.0,1.4823529411764707,1.6941176470588235,0.29411764705882354
2024-11-02,Liverpool,Brighton,2,1,H,1,2.2113821138211383,0.967479674796748,0.6341463414634146,1.5040650406504066,1.3902439024390243,0.37398373983739835
2024-11-02,Nott'm Forest,West Ham,3,0,H,1,1.1529411764705881,1.6705882352941177,0.25882352941176473,1.4227642276422765,1.5934959349593496,0.35772357723577236
2024-11-02,Southampton,Everton,1,0,H,1,1.0,1.8705882352941177,0.17647058823529413,1.032520325203252,1.5447154471544715,0.2764227642276423
2024-11-02,Wolves,Crystal Palace,2,2,D,0,1.065040650406504,1.5528455284552845,0.3170731707317073,1.2439024390243902,1.3333333333333333,0.2926829268292683
2024-11-03,Tottenham,Aston Villa,4,1,H,1,1.8780487804878048,1.4146341463414633,0.5203252032520326,1.5853658536585367,1.3983739837398375,0.45528455284552843
2024-11-03,Man United,Chelsea,1,1,D,0,1.4634146341463414,1.3739837398373984,0.4878048780487805,1.7073170731707317,1.2520325203252032,0.44715447154471544
2024-11-04,Fulham,Brentford,2,1,H,1,1.4352941176470588,1.4823529411764707,0.36470588235294116,1.4634146341463414,1.5040650406504066,0.34146341463414637
2024-11-09,Brentford,Bournemouth,3,2,H,1,1.4596774193548387,1.5080645161290323,0.3387096774193548,1.2093023255813953,1.744186046511628,0.32558139534883723
2024-11-09,Crystal Palace,Fulham,0,2,A,0,1.25,1.3387096774193548,0.2903225806451613,1.441860465116279,1.4767441860465116,0.37209302325581395
2024-11-09,West Ham,Everton,0,0,D,0,1.4112903225806452,1.6048387096774193,0.3548387096774194,1.0241935483870968,1.5403225806451613,0.27419354838709675
2024-11-09,Wolves,Southampton,2,0,H,1,1.0725806451612903,1.5564516129032258,0.31451612903225806,1.0,1.8488372093023255,0.18604651162790697
2024-11-09,Brighton,Man City,2,1,H,1,1.5,1.3951612903225807,0.3709677419354839,2.5,0.8387096774193549,0.7419354838709677
2024-11-09,Liverpool,Aston Villa,2,0,H,1,2.2096774193548385,0.967741935483871,0.6370967741935484,1.5806451612903225,1.4193548387096775,0.45161290322580644
2024-11-10,Man United,Leicester,3,0,H,1,1.4596774193548387,1.3709677419354838,0.4838709677419355,1.4767441860465116,1.686046511627907,0.29069767441860467
2024-11-10,Nott'm Forest,Newcastle,1,3,A,0,1.1744186046511629,1.6511627906976745,0.26744186046511625,1.6693548387096775,1.346774193548387,0.43548387096774194
2024-11-10,Tottenham,Ipswich,1,2,A,0,1.8951612903225807,1.4112903225806452,0.5241935483870968,1.0,2.1,0.0
2024-11-10,Chelsea,Arsenal,1,1,D,0,1.7016129032258065,1.25,0.4435483870967742,2.0725806451612905,1.0564516129032258,0.6532258064516129
2024-11-23,Leicester,Chelsea,1,2,A,0,1.4597701149425288,1.7011494252873562,0.28735632183908044,1.696,1.248,0.44
2024-11-23,Arsenal,Nott'm Forest,3,0,H,1,2.064,1.056,0.648,1.1724137931034482,1.6666666666666667,0.26436781609195403
2024-11-23,Aston Villa,Crystal Palace,2,2,D,0,1.568,1.424,0.448,1.24,1.344,0.288
2024-11-23,Bournemouth,Brighton,1,2,A,0,1.2183908045977012,1.7586206896551724,0.3218390804597701,1.504,1.392,0.376
2024-11-23,Everton,Brentford,0,0,D,0,1.016,1.528,0.272,1.472,1.512,0.344
2024-11-23,Fulham,Wolves,1,4,A,0,1.4482758620689655,1.4597701149425288,0.3793103448275862,1.08,1.544,0.32
2024-11-23,Man City,Tottenham,0,4,A,0,2.488,0.848,0.736,1.888,1.416,0.52
2024-11-24,Southampton,Liverpool,2,3,A,0,0.9885057471264368,1.8505747126436782,0.1839080459770115,2.208,0.96,0.64
2024-11-24,Ipswich,Man United,1,1,D,0,1.0909090909090908,2.0,0.09090909090909091,1.472,1.36,0.488
2024-11-25,Newcastle,West Ham,0,2,A,0,1.68,1.344,0.44,1.4,1.592,0.352
2024-11-29,Brighton,Southampton,1,1,D,0,1.507936507936508,1.3888888888888888,0.38095238095238093,1.0,1.8636363636363635,0.18181818181818182
2024-11-30,Brentford,Leicester,4,1,H,1,1.4603174603174602,1.5,0.3412698412698413,1.4545454545454546,1.7045454545454546,0.2840909090909091
2024-11-30,Crystal Palace,Newcastle,1,1,D,0,1.246031746031746,1.3492063492063493,0.2857142857142857,1.6666666666666667,1.3492063492063493,0.4365079365079365
2024-11-30,Nott'm Forest,Ipswich,1,0,H,1,1.1590909090909092,1.6818181818181819,0.26136363636363635,1.0833333333333333,1.9166666666666667,0.08333333333333333
2024-11-30,Wolves,Bournemouth,2,4,A,0,1.1031746031746033,1.5396825396825398,0.3253968253968254,1.2159090909090908,1.7613636363636365,0.3181818181818182
2024-11-30,West Ham,Arsenal,2,5,A,0,1.4047619047619047,1.5793650793650793,0.35714285714285715,2.0714285714285716,1.0476190476190477,0.6507936507936508
2024-12-01,Chelsea,Aston Villa,3,0,H,1,1.6984126984126984,1.246031746031746,0.4444444444444444,1.5714285714285714,1.4285714285714286,0.4444444444444444
2024-12-01,Man United,Everton,4,0,H,1,1.4682539682539681,1.3571428571428572,0.48412698412698413,1.007936507936508,1.5158730158730158,0.2698412698412698
2024-12-01,Tottenham,Fulham,1,1,D,0,1.9047619047619047,1.4047619047619047,0.5238095238095238,1.4431818181818181,1.4886363636363635,0.375
2024-12-01,Liverpool,Man City,2,0,H,1,2.2142857142857144,0.9682539682539683,0.6428571428571429,2.4682539682539684,0.873015873015873,0.7301587301587301
2024-12-03,Ipswich,Crystal Palace,0,1,A,0,1.0,1.8461538461538463,0.07692307692307693,1.2440944881889764,1.3464566929133859,0.28346456692913385
2024-12-03,Leicester,West Ham,3,1,H,1,1.449438202247191,1.7303370786516854,0.2808988764044944,1.4094488188976377,1.6062992125984252,0.3543307086614173
2024-12-04,Everton,Wolves,4,0,H,1,1.0,1.5354330708661417,0.2677165354330709,1.110236220472441,1.5590551181102361,0.3228346456692913
2024-12-04,Man City,Nott'm Forest,3,0,H,1,2.4488188976377954,0.8818897637795275,0.7244094488188977,1.1573033707865168,1.6629213483146068,0.2696629213483146
2024-12-04,Newcastle,Liverpool,3,3,D,0,1.6614173228346456,1.3464566929133859,0.4330708661417323,2.2125984251968505,0.9606299212598425,0.6456692913385826
2024-12-04,Southampton,Chelsea,1,5,A,0,1.0,1.853932584269663,0.1797752808988764,1.7086614173228347,1.236220472440945,0.44881889763779526
2024-12-04,Arsenal,Man United,2,0,H,1,2.094488188976378,1.0551181102362204,0.6535433070866141,1.4881889763779528,1.3464566929133859,0.4881889763779528
2024-12-04,Aston Villa,Brentford,3,1,H,1,1.5590551181102361,1.4409448818897639,0.4409448818897638,1.4803149606299213,1.4960629921259843,0.3464566929133858
2024-12-05,Fulham,Brighton,3,1,H,1,1.4382022471910112,1.4831460674157304,0.3707865168539326,1.5039370078740157,1.3858267716535433,0.3779527559055118
2024-12-05,Bournemouth,Tottenham,1,0,H,1,1.247191011235955,1.7640449438202248,0.3258426966292135,1.8976377952755905,1.4015748031496063,0.5196850393700787
2024-12-07,Aston Villa,Southampton,1,0,H,1,1.5703125,1.4375,0.4453125,1.0,1.8888888888888888,0.17777777777777778
2024-12-07,Brentford,Newcastle,4,2,H,1,1.4765625,1.5078125,0.34375,1.671875,1.359375,0.4296875
2024-12-07,Crystal Palace,Man City,2,2,D,0,1.2421875,1.3359375,0.2890625,2.453125,0.875,0.7265625
2024-12-07,Man United,Nott'm Forest,2,3,A,0,1.4765625,1.3515625,0.484375,1.1444444444444444,1.6777777777777778,0.26666666666666666
2024-12-08,Fulham,Arsenal,1,1,D,0,1.4555555555555555,1.4777777777777779,0.37777777777777777,2.09375,1.046875,0.65625
2024-12-08,Ipswich,Bournemouth,1,2,A,0,0.9285714285714286,1.7857142857142858,0.07142857142857142,1.2444444444444445,1.7444444444444445,0.3333333333333333
2024-12-08,Leicester,Brighton,2,2,D,0,1.4666666666666666,1.7222222222222223,0.28888888888888886,1.5,1.3984375,0.375
2024-12-08,Tottenham,Chelsea,3,4,A,0,1.8828125,1.3984375,0.515625,1.734375,1.234375,0.453125
2024-12-09,West Ham,Wolves,2,1,H,1,1.40625,1.6171875,0.3515625,1.1015625,1.578125,0.3203125
2024-12-14,Arsenal,Everton,0,0,D,0,2.0852713178294575,1.0465116279069768,0.6511627906976745,1.0234375,1.5234375,0.2734375
2024-12-14,Liverpool,Fulham,2,2,D,0,2.21875,0.9765625,0.640625,1.4505494505494505,1.4725274725274726,0.37362637362637363
2024-12-14,Newcastle,Leicester,4,0,H,1,1.6744186046511629,1.37984496124031,0.4263565891472868,1.4725274725274726,1.7252747252747254,0.2857142857142857
2024-12-14,Wolves,Ipswich,1,2,A,0,1.1007751937984496,1.5813953488372092,0.3178294573643411,0.9333333333333333,1.8,0.06666666666666667
2024-12-14,Nott'm Forest,Aston Villa,2,1,H,1,1.164835164835165,1.6813186813186813,0.27472527472527475,1.565891472868217,1.426356589147287,0.4496124031007752
2024-12-15,Brighton,Crystal Palace,1,3,A,0,1.503875968992248,1.4031007751937985,0.37209302325581395,1.248062015503876,1.3410852713178294,0.2868217054263566
2024-12-15,Man City,Man United,1,2,A,0,2.449612403100775,0.8837209302325582,0.7209302325581395,1.4806201550387597,1.3643410852713178,0.4806201550387597
2024-12-15,Chelsea,Brentford,2,1,H,1,1.751937984496124,1.248062015503876,0.4573643410852713,1.496124031007752,1.5116279069767442,0.3488372093023256
2024-12-15,Southampton,Tottenham,0,5,A,0,0.989010989010989,1.879120879120879,0.17582417582417584,1.8914728682170543,1.4186046511627908,0.5116279069767442
2024-12-16,Bournemouth,West Ham,1,1,D,0,1.2527472527472527,1.7362637362637363,0.34065934065934067,1.4108527131782946,1.6124031007751938,0.35658914728682173
2024-12-21,Aston Villa,Man City,2,1,H,1,1.5615384615384615,1.4307692307692308,0.4461538461538462,2.4384615384615387,0.8923076923076924,0.7153846153846154
2024-12-21,Brentford,Nott'm Forest,0,2,A,0,1.4923076923076923,1.5153846153846153,0.34615384615384615,1.173913043478261,1.673913043478261,0.2826086956521739
2024-12-21,Ipswich,Newcastle,0,4,A,0,1.0,1.75,0.125,1.6923076923076923,1.3692307692307693,0.4307692307692308
2024-12-21,West Ham,Brighton,1,1,D,0,1.4076923076923078,1.6076923076923078,0.35384615384615387,1.5,1.4153846153846155,0.36923076923076925
2024-12-21,Crystal Palace,Arsenal,1,5,A,0,1.2615384615384615,1.3384615384615384,0.2923076923076923,2.0692307692307694,1.0384615384615385,0.6461538461538462
2024-12-22,Everton,Chelsea,0,0,D,0,1.0155038759689923,1.5116279069767442,0.2713178294573643,1.7538461538461538,1.2461538461538462,0.46153846153846156
2024-12-22,Fulham,Southampton,0,0,D,0,1.4565217391304348,1.4782608695652173,0.3695652173913043,0.9782608695652174,1.9130434782608696,0.17391304347826086
2024-12-22,Leicester,Wolves,0,3,A,0,1.4565217391304348,1.75,0.2826086956521739,1.1,1.5846153846153845,0.3153846153846154
2024-12-22,Man United,Bournemouth,0,3,A,0,1.4846153846153847,1.3615384615384616,0.4846153846153846,1.25,1.7282608695652173,0.33695652173913043
2024-12-22,Tottenham,Liverpool,3,6,A,0,1.9153846153846155,1.4076923076923078,0.5153846153846153,2.2170542635658914,0.9844961240310077,0.6356589147286822
2024-12-26,Man City,Everton,1,1,D,0,2.427480916030534,0.9007633587786259,0.7099236641221374,1.0076923076923077,1.5,0.2692307692307692
2024-12-26,Bournemouth,Crystal Palace,0,0,D,0,1.2688172043010753,1.7096774193548387,0.34408602150537637,1.2595419847328244,1.366412213740458,0.2900763358778626
2024-12-26,Chelsea,Fulham,1,2,A,0,1.7404580152671756,1.2366412213740459,0.4580152671755725,1.4408602150537635,1.4623655913978495,0.3655913978494624
2024-12-26,Newcastle,Aston Villa,3,0,H,1,1.7099236641221374,1.3587786259541985,0.4351145038167939,1.5648854961832062,1.4274809160305344,0.45038167938931295
2024-12-26,Nott'm Forest,Tottenham,1,0,H,1,1.1827956989247312,1.6559139784946237,0.2903225806451613,1.9236641221374047,1.4427480916030535,0.5114503816793893
2024-12-26,Southampton,West Ham,0,1,A,0,0.967741935483871,1.89247311827957,0.17204301075268819,1.4045801526717556,1.6030534351145038,0.3511450381679389
2024-12-26,Wolves,Man United,2,0,H,1,1.1145038167938932,1.5725190839694656,0.32061068702290074,1.4732824427480915,1.3740458015267176,0.48091603053435117
2024-12-26,Liverpool,Leicester,3,1,H,1,2.246153846153846,1.0,0.6384615384615384,1.4408602150537635,1.7634408602150538,0.27956989247311825
2024-12-27,Brighton,Brentford,0,0,D,0,1.4961832061068703,1.4122137404580153,0.366412213740458,1.4809160305343512,1.5190839694656488,0.3435114503816794
2024-12-27,Arsenal,Ipswich,1,0,H,1,2.0916030534351147,1.0381679389312977,0.648854961832061,0.9411764705882353,1.8823529411764706,0.11764705882352941
2024-12-29,Leicester,Man City,0,2,A,0,1.4361702127659575,1.7765957446808511,0.2765957446808511,2.4166666666666665,0.9015151515151515,0.7045454545454546
2024-12-29,Crystal Palace,Southampton,2,1,H,1,1.25,1.356060606060606,0.2878787878787879,0.9574468085106383,1.8829787234042554,0.1702127659574468
2024-12-29,Everton,Nott'm Forest,0,2,A,0,1.0076335877862594,1.4961832061068703,0.26717557251908397,1.1808510638297873,1.6382978723404256,0.2978723404255319
2024-12-29,Fulham,Bournemouth,2,2,D,0,1.446808510638298,1.4574468085106382,0.3723404255319149,1.2553191489361701,1.6914893617021276,0.3404255319148936
2024-12-29,Tottenham,Wolves,2,2,D,0,1.9090909090909092,1.4393939393939394,0.5075757575757576,1.121212121212121,1.5606060606060606,0.32575757575757575
2024-12-29,West Ham,Liverpool,0,5,A,0,1.4015151515151516,1.5909090909090908,0.3560606060606061,2.2519083969465647,1.0,0.6412213740458015
2024-12-30,Aston Villa,Brighton,2,2,D,0,1.553030303030303,1.4393939393939394,0.44696969696969696,1.4848484848484849,1.4015151515151516,0.36363636363636365
2024-12-30,Ipswich,Chelsea,2,0,H,1,0.8888888888888888,1.8333333333333333,0.1111111111111111,1.7348484848484849,1.2424242424242424,0.45454545454545453
2024-12-30,Man United,Newcastle,0,2,A,0,1.4621212121212122,1.378787878787879,0.4772727272727273,1.7196969696969697,1.3484848484848484,0.4393939393939394
2025-01-01,Brentford,Arsenal,1,3,A,0,1.4696969696969697,1.5075757575757576,0.3409090909090909,2.0833333333333335,1.0303030303030303,0.6515151515151515
2025-01-04,Tottenham,Newcastle,1,2,A,0,1.9097744360902256,1.443609022556391,0.5037593984962406,1.7218045112781954,1.3383458646616542,0.44360902255639095
2025-01-04,Aston Villa,Leicester,2,1,H,1,1.556390977443609,1.443609022556391,0.44360902255639095,1.4210526315789473,1.7789473684210526,0.2736842105263158
2025-01-04,Bournemouth,Everton,1,0,H,1,1.263157894736842,1.694736842105263,0.3368421052631579,1.0,1.5,0.26515151515151514
2025-01-04,Crystal Palace,Chelsea,1,1,D,0,1.255639097744361,1.3533834586466165,0.2932330827067669,1.7218045112781954,1.2481203007518797,0.45112781954887216
2025-01-04,Man City,West Ham,4,1,H,1,2.4135338345864663,0.8947368421052632,0.706766917293233,1.3909774436090225,1.6165413533834587,0.3533834586466165
2025-01-04,Southampton,Brentford,0,5,A,0,0.9578947368421052,1.8842105263157896,0.16842105263157894,1.4661654135338347,1.518796992481203,0.3383458646616541
2025-01-04,Brighton,Arsenal,1,1,D,0,1.4887218045112782,1.406015037593985,0.3609022556390977,2.0902255639097747,1.0300751879699248,0.6541353383458647
2025-01-05,Fulham,Ipswich,2,2,D,0,1.4526315789473685,1.4631578947368422,0.3684210526315789,0.9473684210526315,1.736842105263158,0.15789473684210525
2025-01-05,Liverpool,Man United,2,2,D,0,2.272727272727273,0.9924242424242424,0.6439393939393939,1.4511278195488722,1.3834586466165413,0.47368421052631576
2025-01-06,Wolves,Nott'm Forest,0,3,A,0,1.1278195488721805,1.5639097744360901,0.3233082706766917,1.1894736842105262,1.6210526315789473,0.30526315789473685
2025-01-14,Brentford,Man City,2,2,D,0,1.492537313432836,1.507462686567164,0.34328358208955223,2.425373134328358,0.8955223880597015,0.7089552238805971
2025-01-14,Chelsea,Bournemouth,2,2,D,0,1.7164179104477613,1.2462686567164178,0.44776119402985076,1.2604166666666667,1.6770833333333333,0.34375
2025-01-14,West Ham,Fulham,3,2,H,1,1.3880597014925373,1.6343283582089552,0.35074626865671643,1.4583333333333333,1.46875,0.3645833333333333
2025-01-14,Nott'm Forest,Liverpool,1,1,D,0,1.2083333333333333,1.6041666666666667,0.3125,2.2706766917293235,1.0,0.6390977443609023
2025-01-15,Everton,Aston Villa,0,1,A,0,0.9924812030075187,1.4962406015037595,0.2631578947368421,1.5597014925373134,1.4402985074626866,0.44776119402985076
2025-01-15,Leicester,Crystal Palace,0,2,A,0,1.4166666666666667,1.78125,0.2708333333333333,1.2537313432835822,1.3507462686567164,0.291044776119403
2025-01-15,Newcastle,Wolves,3,0,H,1,1.7238805970149254,1.335820895522388,0.44776119402985076,1.1194029850746268,1.5746268656716418,0.3208955223880597
2025-01-15,Arsenal,Tottenham,2,1,H,1,2.082089552238806,1.0298507462686568,0.6492537313432836,1.9029850746268657,1.4477611940298507,0.5
2025-01-16,Ipswich,Brighton,0,2,A,0,1.0,1.75,0.15,1.4850746268656716,1.4029850746268657,0.3582089552238806
2025-01-16,Man United,Southampton,3,1,H,1,1.455223880597015,1.3880597014925373,0.4701492537313433,0.9479166666666666,1.9166666666666667,0.16666666666666666
2025-01-18,Newcastle,Bournemouth,1,4,A,0,1.7333333333333334,1.325925925925926,0.45185185185185184,1.268041237113402,1.6804123711340206,0.3402061855670103
2025-01-18,Brentford,Liverpool,0,2,A,0,1.4962962962962962,1.511111111111111,0.34074074074074073,2.2611940298507465,1.0,0.6343283582089553
2025-01-18,Leicester,Fulham,0,2,A,0,1.402061855670103,1.7835051546391754,0.26804123711340205,1.4639175257731958,1.4845360824742269,0.36082474226804123
2025-01-18,West Ham,Crystal Palace,0,2,A,0,1.4,1.637037037037037,0.35555555555555557,1.2592592592592593,1.3407407407407408,0.2962962962962963
2025-01-18,Arsenal,Aston Villa,2,2,D,0,2.0814814814814815,1.0296296296296297,0.6518518518518519,1.5555555555555556,1.4296296296296296,0.45185185185185184
2025-01-19,Everton,Tottenham,3,2,H,1,0.9850746268656716,1.492537313432836,0.26119402985074625,1.8962962962962964,1.451851851851852,0.4962962962962963
2025-01-19,Man United,Brighton,1,3,A,0,1.4666666666666666,1.385185185185185,0.4740740740740741,1.488888888888889,1.3925925925925926,0.362962962962963
2025-01-19,Nott'm Forest,Southampton,3,2,H,1,1.2061855670103092,1.597938144329897,0.30927835051546393,0.9484536082474226,1.9278350515463918,0.16494845360824742
2025-01-19,Ipswich,Man City,0,6,A,0,0.9523809523809523,1.7619047619047619,0.14285714285714285,2.422222222222222,0.9037037037037037,0.7037037037037037
2025-01-20,Chelsea,Wolves,3,1,H,1,1.7185185185185186,1.2518518518518518,0.4444444444444444,1.1111111111111112,1.5851851851851853,0.31851851851851853
2025-01-25,Bournemouth,Nott'm Forest,5,0,H,1,1.2959183673469388,1.6734693877551021,0.3469387755102041,1.2244897959183674,1.6020408163265305,0.3163265306122449
2025-01-25,Brighton,Everton,0,1,A,0,1.5,1.3897058823529411,0.36764705882352944,1.0,1.4962962962962962,0.26666666666666666
2025-01-25,Liverpool,Ipswich,4,1,H,1,2.259259259259259,0.9925925925925926,0.6370370370370371,0.9090909090909091,1.9545454545454546,0.13636363636363635
2025-01-25,Southampton,Newcastle,1,3,A,0,0.9591836734693877,1.9387755102040816,0.16326530612244897,1.7279411764705883,1.3455882352941178,0.4485294117647059
2025-01-25,Wolves,Arsenal,0,1,A,0,1.1102941176470589,1.5955882352941178,0.3161764705882353,2.0808823529411766,1.036764705882353,0.6470588235294118
2025-01-25,Man City,Chelsea,3,1,H,1,2.448529411764706,0.8970588235294118,0.7058823529411765,1.7279411764705883,1.25,0.4485294117647059
2025-01-26,Crystal Palace,Brentford,1,2,A,0,1.2647058823529411,1.3308823529411764,0.3014705882352941,1.4852941176470589,1.5147058823529411,0.3382352941176471
2025-01-26,Tottenham,Leicester,1,2,A,0,1.8970588235294117,1.463235294117647,0.49264705882352944,1.3877551020408163,1.7857142857142858,0.2653061224489796
2025-01-26,Aston Villa,West Ham,1,1,D,0,1.5588235294117647,1.4338235294117647,0.4485294117647059,1.3897058823529411,1.6397058823529411,0.35294117647058826
2025-01-26,Fulham,Man United,0,1,A,0,1.469387755102041,1.469387755102041,0.3673469387755102,1.463235294117647,1.3970588235294117,0.47058823529411764
2025-02-01,Nott'm Forest,Brighton,7,0,H,1,1.2121212121212122,1.6363636363636365,0.31313131313131315,1.489051094890511,1.3868613138686132,0.36496350364963503
2025-02-01,Bournemouth,Liverpool,0,2,A,0,1.3333333333333333,1.6565656565656566,0.35353535353535354,2.2720588235294117,0.9926470588235294,0.6397058823529411
2025-02-01,Everton,Leicester,4,0,H,1,1.0,1.4852941176470589,0.27205882352941174,1.393939393939394,1.7777777777777777,0.2727272727272727
2025-02-01,Ipswich,Southampton,1,2,A,0,0.9130434782608695,2.0434782608695654,0.13043478260869565,0.9595959595959596,1.9494949494949494,0.16161616161616163
2025-02-01,Newcastle,Fulham,1,2,A,0,1.7372262773722629,1.3430656934306568,0.45255474452554745,1.4545454545454546,1.4646464646464648,0.36363636363636365
2025-02-01,Wolves,Aston Villa,2,0,H,1,1.102189781021898,1.5912408759124088,0.31386861313868614,1.5547445255474452,1.4306569343065694,0.44525547445255476
2025-02-02,Brentford,Tottenham,0,2,A,0,1.489051094890511,1.510948905109489,0.34306569343065696,1.8905109489051095,1.467153284671533,0.48905109489051096
2025-02-02,Man United,Crystal Palace,0,2,A,0,1.4598540145985401,1.3868613138686132,0.4744525547445255,1.2627737226277371,1.3357664233576643,0.29927007299270075
2025-02-02,Arsenal,Man City,5,1,H,1,2.072992700729927,1.0291970802919708,0.6496350364963503,2.4525547445255476,0.8978102189781022,0.708029197080292
2025-02-03,Chelsea,West Ham,2,1,H,1,1.7226277372262773,1.2627737226277371,0.44525547445255476,1.3868613138686132,1.635036496350365,0.35036496350364965
2025-02-12,Everton,Liverpool,2,2,D,0,1.0218978102189782,1.4744525547445255,0.2773722627737226,2.27007299270073,0.9854014598540146,0.6423357664233577
2025-02-14,Brighton,Chelsea,3,0,H,1,1.4782608695652173,1.4275362318840579,0.36231884057971014,1.7246376811594204,1.2608695652173914,0.4492753623188406
2025-02-15,Leicester,Arsenal,0,2,A,0,1.38,1.8,0.27,2.0942028985507246,1.0289855072463767,0.6521739130434783
2025-02-15,Aston Villa,Ipswich,1,1,D,0,1.5434782608695652,1.434782608695652,0.4420289855072464,0.9166666666666666,2.0416666666666665,0.125
2025-02-15,Fulham,Nott'm Forest,2,1,H,1,1.46,1.46,0.37,1.27,1.62,0.32
2025-02-15,Man City,Newcastle,4,0,H,1,2.4420289855072466,0.927536231884058,0.7028985507246377,1.7318840579710144,1.3478260869565217,0.4492753623188406
2025-02-15,Southampton,Bournemouth,1,3,A,0,0.97,1.94,0.17,1.32,1.66,0.35
2025-02-15,West Ham,Brentford,0,1,A,0,1.3840579710144927,1.6376811594202898,0.34782608695652173,1.4782608695652173,1.5144927536231885,0.34057971014492755
2025-02-15,Crystal Palace,Everton,1,2,A,0,1.2681159420289856,1.326086956521739,0.30434782608695654,1.0289855072463767,1.4782608695652173,0.2753623188405797
2025-02-16,Liverpool,Wolves,2,1,H,1,2.2681159420289854,0.9927536231884058,0.6376811594202898,1.108695652173913,1.5797101449275361,0.3188405797101449
2025-02-16,Tottenham,Man United,1,0,H,1,1.891304347826087,1.4565217391304348,0.4927536231884058,1.4492753623188406,1.391304347826087,0.47101449275362317
2025-02-19,Aston Villa,Liverpool,2,2,D,0,1.539568345323741,1.4316546762589928,0.43884892086330934,2.2661870503597124,0.9928057553956835,0.6402877697841727
2025-02-21,Leicester,Brentford,0,4,A,0,1.3663366336633664,1.801980198019802,0.26732673267326734,1.474820143884892,1.5035971223021583,0.34532374100719426
2025-02-22,Everton,Man United,2,2,D,0,1.0359712230215827,1.474820143884892,0.2805755395683453,1.4388489208633093,1.3884892086330936,0.4676258992805755
2025-02-22,Arsenal,West Ham,0,1,A,0,2.093525179856115,1.0215827338129497,0.6546762589928058,1.3741007194244603,1.6330935251798562,0.34532374100719426
2025-02-22,Bournemouth,Wolves,0,1,A,0,1.3366336633663367,1.6534653465346534,0.3564356435643564,1.1079136690647482,1.5827338129496402,0.31654676258992803
2025-02-22,Fulham,Crystal Palace,0,2,A,0,1.4653465346534653,1.4554455445544554,0.37623762376237624,1.2661870503597121,1.330935251798561,0.302158273381295
2025-02-22,Ipswich,Tottenham,1,4,A,0,0.92,2.0,0.12,1.8848920863309353,1.4460431654676258,0.49640287769784175
2025-02-22,Southampton,Brighton,0,4,A,0,0.9702970297029703,1.9504950495049505,0.16831683168316833,1.4892086330935252,1.4172661870503598,0.3669064748201439
2025-02-22,Aston Villa,Chelsea,2,1,H,1,1.542857142857143,1.4357142857142857,0.4357142857142857,1.7122302158273381,1.2733812949640289,0.4460431654676259
2025-02-23,Newcastle,Nott'm Forest,4,3,H,1,1.7194244604316546,1.3669064748201438,0.4460431654676259,1.2673267326732673,1.6237623762376239,0.31683168316831684
2025-02-23,Man City,Liverpool,0,2,A,0,2.4532374100719423,0.920863309352518,0.7050359712230215,2.2642857142857142,1.0,0.6357142857142857
2025-02-25,Brighton,Bournemouth,2,1,H,1,1.5071428571428571,1.4071428571428573,0.37142857142857144,1.3235294117647058,1.6470588235294117,0.35294117647058826
2025-02-25,Crystal Palace,Aston Villa,4,1,H,1,1.2714285714285714,1.3214285714285714,0.30714285714285716,1.5460992907801419,1.4326241134751774,0.4397163120567376
2025-02-25,Wolves,Fulham,1,2,A,0,1.1071428571428572,1.5714285714285714,0.32142857142857145,1.4509803921568627,1.4607843137254901,0.37254901960784315
2025-02-25,Chelsea,Southampton,4,0,H,1,1.707142857142857,1.2785714285714285,0.44285714285714284,0.9607843137254902,1.9705882352941178,0.16666666666666666
2025-02-26,Brentford,Everton,1,1,D,0,1.4928571428571429,1.4928571428571429,0.35,1.042857142857143,1.4785714285714286,0.2785714285714286
2025-02-26,Man United,Ipswich,3,2,H,1,1.4428571428571428,1.3928571428571428,0.4642857142857143,0.9230769230769231,2.076923076923077,0.11538461538461539
2025-02-26,Nott'm Forest,Arsenal,0,0,D,0,1.2843137254901962,1.6470588235294117,0.3137254901960784,2.0785714285714287,1.0214285714285714,0.65
2025-02-26,Tottenham,Man City,0,1,A,0,1.9,1.4428571428571428,0.5,2.4357142857142855,0.9285714285714286,0.7
2025-02-26,Liverpool,Newcastle,2,0,H,1,2.2624113475177303,0.9929078014184397,0.6382978723404256,1.7357142857142858,1.3785714285714286,0.45
2025-02-27,West Ham,Leicester,2,0,H,1,1.3714285714285714,1.6214285714285714,0.35,1.3529411764705883,1.8235294117647058,0.2647058823529412
2025-03-08,Nott'm Forest,Man City,1,0,H,1,1.2718446601941749,1.6310679611650485,0.3106796116504854,2.425531914893617,0.9219858156028369,0.7021276595744681
2025-03-08,Brighton,Fulham,2,1,H,1,1.5106382978723405,1.4042553191489362,0.375886524822695,1.4563106796116505,1.4563106796116505,0.3786407766990291
2025-03-08,Crystal Palace,Ipswich,1,0,H,1,1.2907801418439717,1.3191489361702127,0.3120567375886525,0.9629629629629629,2.111111111111111,0.1111111111111111
2025-03-08,Liverpool,Southampton,3,1,H,1,2.26056338028169,0.9859154929577465,0.6408450704225352,0.9514563106796117,1.9902912621359223,0.1650485436893204
2025-03-08,Brentford,Aston Villa,0,1,A,0,1.4893617021276595,1.4893617021276595,0.3475177304964539,1.5422535211267605,1.4507042253521127,0.43661971830985913
2025-03-08,Wolves,Everton,1,1,D,0,1.1063829787234043,1.574468085106383,0.3191489361702128,1.0425531914893618,1.475177304964539,0.2765957446808511
2025-03-09,Chelsea,Leicester,1,0,H,1,1.7234042553191489,1.2695035460992907,0.44680851063829785,1.3398058252427185,1.825242718446602,0.2621359223300971
2025-03-09,Tottenham,Bournemouth,2,2,D,0,1.8865248226950355,1.4397163120567376,0.49645390070921985,1.3203883495145632,1.6504854368932038,0.34951456310679613
2025-03-09,Man United,Arsenal,1,1,D,0,1.4539007092198581,1.3971631205673758,0.46808510638297873,2.0638297872340425,1.0141843971631206,0.6453900709219859
2025-03-10,West Ham,Newcastle,0,1,A,0,1.375886524822695,1.6099290780141844,0.3546099290780142,1.7234042553191489,1.3829787234042554,0.44680851063829785
2025-03-15,Everton,West Ham,1,1,D,0,1.0422535211267605,1.471830985915493,0.2746478873239437,1.3661971830985915,1.6056338028169015,0.352112676056338
2025-03-15,Ipswich,Nott'm Forest,2,4,A,0,0.9285714285714286,2.0714285714285716,0.10714285714285714,1.2692307692307692,1.6153846153846154,0.3173076923076923
2025-03-15,Man City,Brighton,2,2,D,0,2.408450704225352,0.9225352112676056,0.6971830985915493,1.5140845070422535,1.4014084507042253,0.38028169014084506
2025-03-15,Southampton,Wolves,1,2,A,0,0.9519230769230769,2.0,0.16346153846153846,1.1056338028169015,1.5704225352112675,0.31690140845070425
2025-03-15,Bournemouth,Brentford,1,2,A,0,1.3269230769230769,1.6538461538461537,0.34615384615384615,1.4788732394366197,1.4859154929577465,0.34507042253521125
2025-03-16,Arsenal,Chelsea,1,0,H,1,2.056338028169014,1.0140845070422535,0.6408450704225352,1.7183098591549295,1.2605633802816902,0.4507042253521127
2025-03-16,Fulham,Tottenham,2,0,H,1,1.4519230769230769,1.4615384615384615,0.375,1.8873239436619718,1.443661971830986,0.49295774647887325
2025-03-16,Leicester,Man United,0,3,A,0,1.3269230769230769,1.8173076923076923,0.25961538461538464,1.4507042253521127,1.3943661971830985,0.4647887323943662
2025-04-01,Arsenal,Fulham,2,1,H,1,2.0489510489510487,1.006993006993007,0.6433566433566433,1.457142857142857,1.4476190476190476,0.38095238095238093
2025-04-01,Wolves,West Ham,1,0,H,1,1.1118881118881119,1.5664335664335665,0.32167832167832167,1.3636363636363635,1.6013986013986015,0.34965034965034963
2025-04-01,Nott'm Forest,Man United,1,0,H,1,1.2952380952380953,1.619047619047619,0.3238095238095238,1.4615384615384615,1.3846153846153846,0.46853146853146854
2025-04-02,Bournemouth,Ipswich,1,2,A,0,1.3238095238095238,1.6571428571428573,0.34285714285714286,0.9655172413793104,2.1379310344827585,0.10344827586206896
2025-04-02,Brighton,Aston Villa,0,3,A,0,1.5174825174825175,1.4055944055944056,0.3776223776223776,1.5384615384615385,1.4405594405594406,0.4405594405594406
2025-04-02,Man City,Leicester,2,0,H,1,2.4055944055944054,0.9300699300699301,0.6923076923076923,1.3142857142857143,1.8285714285714285,0.2571428571428571
2025-04-02,Newcastle,Brentford,2,1,H,1,1.7183098591549295,1.3732394366197183,0.4507042253521127,1.4825174825174825,1.4825174825174825,0.34965034965034963
2025-04-02,Southampton,Crystal Palace,1,1,D,0,0.9523809523809523,2.0,0.1619047619047619,1.2887323943661972,1.3098591549295775,0.31690140845070425
2025-04-02,Liverpool,Everton,1,0,H,1,2.265734265734266,0.986013986013986,0.6433566433566433,1.0419580419580419,1.4685314685314685,0.2727272727272727
2025-04-03,Chelsea,Tottenham,1,0,H,1,1.7062937062937062,1.2587412587412588,0.44755244755244755,1.8741258741258742,1.4475524475524475,0.48951048951048953
2025-04-05,Everton,Arsenal,1,1,D,0,1.0347222222222223,1.4652777777777777,0.2708333333333333,2.048611111111111,1.0069444444444444,0.6458333333333334
2025-04-05,Crystal Palace,Brighton,2,1,H,1,1.2867132867132867,1.3076923076923077,0.3146853146853147,1.5069444444444444,1.4166666666666667,0.375
2025-04-05,Ipswich,Wolves,1,2,A,0,1.0,2.1,0.13333333333333333,1.1111111111111112,1.5555555555555556,0.3263888888888889
2025-04-05,West Ham,Bournemouth,2,2,D,0,1.3541666666666667,1.5972222222222223,0.3472222222222222,1.320754716981132,1.6603773584905661,0.33962264150943394
2025-04-05,Aston Villa,Nott'm Forest,2,1,H,1,1.5486111111111112,1.4305555555555556,0.4444444444444444,1.2924528301886793,1.6037735849056605,0.330188679245283
2025-04-06,Brentford,Chelsea,0,0,D,0,1.4791666666666667,1.4861111111111112,0.3472222222222222,1.7013888888888888,1.25,0.4513888888888889
2025-04-06,Fulham,Liverpool,3,2,H,1,1.4528301886792452,1.4528301886792452,0.37735849056603776,2.2569444444444446,0.9791666666666666,0.6458333333333334
2025-04-06,Tottenham,Southampton,3,1,H,1,1.8611111111111112,1.4444444444444444,0.4861111111111111,0.9528301886792453,1.990566037735849,0.16037735849056603
2025-04-06,Man United,Man City,0,0,D,0,1.4513888888888888,1.3819444444444444,0.4652777777777778,2.4027777777777777,0.9236111111111112,0.6944444444444444
2025-04-07,Leicester,Newcastle,0,3,A,0,1.3018867924528301,1.830188679245283,0.25471698113207547,1.7202797202797202,1.3706293706293706,0.45454545454545453
2025-04-12,Man City,Crystal Palace,5,2,H,1,2.386206896551724,0.9172413793103448,0.6896551724137931,1.2916666666666667,1.3055555555555556,0.3194444444444444
2025-04-12,Brighton,Leicester,2,2,D,0,1.5034482758620689,1.4206896551724137,0.3724137931034483,1.2897196261682242,1.841121495327103,0.2523364485981308
2025-04-12,Nott'm Forest,Everton,0,1,A,0,1.2897196261682242,1.6074766355140186,0.32710280373831774,1.0344827586206897,1.4620689655172414,0.2689655172413793
2025-04-12,Southampton,Aston Villa,0,3,A,0,0.9532710280373832,2.0,0.1588785046728972,1.5517241379310345,1.4275862068965517,0.4482758620689655
2025-04-12,Arsenal,Brentford,1,1,D,0,2.0413793103448277,1.006896551724138,0.6413793103448275,1.4689655172413794,1.4758620689655173,0.3448275862068966
2025-04-13,Chelsea,Ipswich,2,2,D,0,1.6896551724137931,1.2413793103448276,0.4482758620689655,1.0,2.096774193548387,0.12903225806451613
2025-04-13,Liverpool,West Ham,2,1,H,1,2.2551724137931033,0.993103448275862,0.6413793103448275,1.3586206896551725,1.6,0.3448275862068966
2025-04-13,Wolves,Tottenham,4,2,H,1,1.1172413793103448,1.5517241379310345,0.3310344827586207,1.8689655172413793,1.4413793103448276,0.4896551724137931
2025-04-13,Newcastle,Man United,4,1,H,1,1.7291666666666667,1.3611111111111112,0.4583333333333333,1.4413793103448276,1.3724137931034484,0.46206896551724136
2025-04-14,Bournemouth,Fulham,1,0,H,1,1.3271028037383177,1.6635514018691588,0.3364485981308411,1.4672897196261683,1.4579439252336448,0.38317757009345793
2025-04-16,Newcastle,Crystal Palace,5,0,H,1,1.7448275862068965,1.3586206896551725,0.46206896551724136,1.296551724137931,1.3310344827586207,0.31724137931034485
2025-04-19,Brentford,Brighton,4,2,H,1,1.4657534246575343,1.4726027397260273,0.3424657534246575,1.5068493150684932,1.4246575342465753,0.3698630136986301
2025-04-19,Crystal Palace,Bournemouth,0,0,D,0,1.2876712328767124,1.356164383561644,0.3150684931506849,1.3240740740740742,1.6481481481481481,0.3425925925925926
2025-04-19,Everton,Man City,0,2,A,0,1.0342465753424657,1.452054794520548,0.273972602739726,2.404109589041096,0.9246575342465754,0.6917808219178082
2025-04-19,West Ham,Southampton,1,1,D,0,1.356164383561644,1.6027397260273972,0.3424657534246575,0.9444444444444444,2.009259259259259,0.1574074074074074
2025-04-19,Aston Villa,Newcastle,4,1,H,1,1.5616438356164384,1.417808219178082,0.4520547945205479,1.7671232876712328,1.3493150684931507,0.4657534246575342
2025-04-20,Fulham,Chelsea,1,2,A,0,1.4537037037037037,1.4537037037037037,0.37962962962962965,1.6917808219178083,1.2465753424657535,0.4452054794520548
2025-04-20,Ipswich,Arsenal,0,4,A,0,1.03125,2.09375,0.125,2.0342465753424657,1.0068493150684932,0.636986301369863
2025-04-20,Man United,Wolves,0,1,A,0,1.4383561643835616,1.3904109589041096,0.4589041095890411,1.1369863013698631,1.5547945205479452,0.3356164383561644
2025-04-20,Leicester,Liverpool,0,1,A,0,1.2962962962962963,1.8425925925925926,0.25,2.2534246575342465,0.9931506849315068,0.6438356164383562
2025-04-21,Tottenham,Nott'm Forest,1,2,A,0,1.86986301369863,1.4589041095890412,0.4863013698630137,1.2777777777777777,1.6018518518518519,0.32407407407407407
2025-04-22,Man City,Aston Villa,2,1,H,1,2.401360544217687,0.9183673469387755,0.6938775510204082,1.5782312925170068,1.4149659863945578,0.4557823129251701
2025-04-23,Arsenal,Crystal Palace,2,2,D,0,2.0476190476190474,1.0,0.6394557823129252,1.2789115646258504,1.346938775510204,0.3129251700680272
2025-04-26,Chelsea,Everton,1,0,H,1,1.6938775510204083,1.2448979591836735,0.4489795918367347,1.0272108843537415,1.4557823129251701,0.272108843537415
2025-04-26,Brighton,West Ham,3,2,H,1,1.510204081632653,1.4421768707482994,0.3673469387755102,1.3537414965986394,1.598639455782313,0.3401360544217687
2025-04-26,Newcastle,Ipswich,3,0,H,1,1.7619047619047619,1.3673469387755102,0.46258503401360546,1.0,2.1515151515151514,0.12121212121212122
2025-04-26,Southampton,Fulham,1,2,A,0,0.944954128440367,2.0,0.1559633027522936,1.4495412844036697,1.4587155963302751,0.3761467889908257
2025-04-26,Wolves,Leicester,3,0,H,1,1.1360544217687074,1.5442176870748299,0.3401360544217687,1.2844036697247707,1.834862385321101,0.24770642201834864
2025-04-27,Bournemouth,Man United,1,1,D,0,1.311926605504587,1.6330275229357798,0.3394495412844037,1.4285714285714286,1.3877551020408163,0.4557823129251701
2025-04-27,Liverpool,Tottenham,5,1,H,1,2.2448979591836733,0.9863945578231292,0.6462585034013606,1.8639455782312926,1.4625850340136055,0.48299319727891155
2025-05-01,Nott'm Forest,Brentford,0,2,A,0,1.2844036697247707,1.5963302752293578,0.3302752293577982,1.4829931972789117,1.4761904761904763,0.3469387755102041
2025-05-02,Man City,Wolves,1,0,H,1,2.3986486486486487,0.918918918918919,0.6959459459459459,1.1486486486486487,1.5337837837837838,0.34459459459459457
2025-05-03,Aston Villa,Fulham,1,0,H,1,1.5743243243243243,1.4189189189189189,0.4527027027027027,1.4545454545454546,1.4545454545454546,0.38181818181818183
2025-05-03,Everton,Ipswich,2,2,D,0,1.0202702702702702,1.4527027027027026,0.2702702702702703,0.9705882352941176,2.176470588235294,0.11764705882352941
2025-05-03,Leicester,Southampton,2,0,H,1,1.2727272727272727,1.8454545454545455,0.24545454545454545,0.9454545454545454,2.0,0.15454545454545454
2025-05-03,Arsenal,Bournemouth,1,2,A,0,2.0472972972972974,1.0067567567567568,0.6351351351351351,1.309090909090909,1.6272727272727272,0.33636363636363636
2025-05-04,Brentford,Man United,4,3,H,1,1.4864864864864864,1.4662162162162162,0.35135135135135137,1.4256756756756757,1.385135135135135,0.4527027027027027
2025-05-04,Brighton,Newcastle,1,1,D,0,1.5202702702702702,1.445945945945946,0.3716216216216216,1.7702702702702702,1.3581081081081081,0.46621621621621623
2025-05-04,West Ham,Tottenham,1,1,D,0,1.3581081081081081,1.6081081081081081,0.33783783783783783,1.8581081081081081,1.4864864864864864,0.4797297297297297
2025-05-04,Chelsea,Liverpool,3,1,H,1,1.6891891891891893,1.2364864864864864,0.4527027027027027,2.2635135135135136,0.9864864864864865,0.6486486486486487
2025-05-05,Crystal Palace,Nott'm Forest,1,1,D,0,1.2837837837837838,1.3513513513513513,0.3108108108108108,1.2727272727272727,1.6,0.32727272727272727
2025-05-10,Fulham,Everton,1,3,A,0,1.4414414414414414,1.4504504504504505,0.3783783783783784,1.0268456375838926,1.4563758389261745,0.2684563758389262
2025-05-10,Ipswich,Brentford,0,1,A,0,1.0,2.1714285714285713,0.11428571428571428,1.5033557046979866,1.476510067114094,0.35570469798657717
2025-05-10,Southampton,Man City,0,0,D,0,0.9369369369369369,2.0,0.15315315315315314,2.389261744966443,0.912751677852349,0.697986577181208
2025-05-10,Wolves,Brighton,0,2,A,0,1.1409395973154361,1.5302013422818792,0.3422818791946309,1.516778523489933,1.4429530201342282,0.3691275167785235
2025-05-10,Bournemouth,Aston Villa,0,1,A,0,1.3153153153153154,1.6216216216216217,0.34234234234234234,1.570469798657718,1.4093959731543624,0.4563758389261745
2025-05-11,Newcastle,Chelsea,2,0,H,1,1.7651006711409396,1.3557046979865772,0.46308724832214765,1.6979865771812082,1.2348993288590604,0.4563758389261745
2025-05-11,Man United,West Ham,0,2,A,0,1.436241610738255,1.4026845637583893,0.44966442953020136,1.3557046979865772,1.604026845637584,0.33557046979865773
2025-05-11,Nott'm Forest,Leicester,2,2,D,0,1.2702702702702702,1.5945945945945945,0.32432432432432434,1.2792792792792793,1.8288288288288288,0.25225225225225223
2025-05-11,Tottenham,Crystal Palace,0,2,A,0,1.8523489932885906,1.483221476510067,0.47651006711409394,1.2818791946308725,1.348993288590604,0.3087248322147651
2025-05-11,Liverpool,Arsenal,2,2,D,0,2.2550335570469797,1.0,0.6442953020134228,2.040268456375839,1.0134228187919463,0.6308724832214765
2025-05-16,Aston Villa,Tottenham,2,0,H,1,1.5666666666666667,1.4,0.46,1.84,1.4866666666666666,0.47333333333333333
2025-05-16,Chelsea,Man United,1,0,H,1,1.6866666666666668,1.24,0.4533333333333333,1.4266666666666667,1.4066666666666667,0.44666666666666666
2025-05-18,Everton,Southampton,2,0,H,1,1.04,1.4533333333333334,0.2733333333333333,0.9285714285714286,1.9821428571428572,0.15178571428571427
2025-05-18,West Ham,Nott'm Forest,1,2,A,0,1.36,1.5933333333333333,0.34,1.2767857142857142,1.5982142857142858,0.32142857142857145
2025-05-18,Brentford,Fulham,2,3,A,0,1.5,1.4666666666666666,0.36,1.4375,1.4642857142857142,0.375
2025-05-18,Leicester,Ipswich,2,0,H,1,1.2857142857142858,1.8303571428571428,0.25,0.9722222222222222,2.138888888888889,0.1111111111111111
2025-05-18,Arsenal,Newcastle,1,0,H,1,2.04,1.02,0.6266666666666667,1.7666666666666666,1.3466666666666667,0.4666666666666667
2025-05-19,Brighton,Liverpool,3,2,H,1,1.52,1.4333333333333333,0.37333333333333335,2.2533333333333334,1.0066666666666666,0.64
2025-05-20,Crystal Palace,Wolves,4,2,H,1,1.2866666666666666,1.34,0.31333333333333335,1.1333333333333333,1.5333333333333334,0.34
2025-05-20,Man City,Bournemouth,3,1,H,1,2.3733333333333335,0.9066666666666666,0.6933333333333334,1.3035714285714286,1.6160714285714286,0.3392857142857143
2025-05-25,Bournemouth,Leicester,2,0,H,1,1.3008849557522124,1.6283185840707965,0.336283185840708,1.2920353982300885,1.8141592920353982,0.25663716814159293
2025-05-25,Fulham,Man City,0,2,A,0,1.4513274336283186,1.4690265486725664,0.3805309734513274,2.377483443708609,0.9072847682119205,0.695364238410596
2025-05-25,Ipswich,West Ham,1,3,A,0,0.9459459459459459,2.135135135135135,0.10810810810810811,1.3576158940397351,1.596026490066225,0.33774834437086093
2025-05-25,Liverpool,Crystal Palace,1,1,D,0,2.251655629139073,1.0198675496688743,0.6357615894039735,1.304635761589404,1.3443708609271523,0.31788079470198677
2025-05-25,Man United,Aston Villa,2,0,H,1,1.4172185430463575,1.403973509933775,0.44370860927152317,1.5695364238410596,1.390728476821192,0.46357615894039733
2025-05-25,Newcastle,Everton,0,1,A,0,1.7549668874172186,1.3443708609271523,0.46357615894039733,1.0463576158940397,1.4437086092715232,0.2781456953642384
2025-05-25,Nott'm Forest,Chelsea,0,1,A,0,1.2831858407079646,1.592920353982301,0.3274336283185841,1.6821192052980132,1.2317880794701987,0.45695364238410596
2025-05-25,Southampton,Arsenal,1,2,A,0,0.9203539823008849,1.9823008849557522,0.1504424778761062,2.033112582781457,1.0132450331125828,0.6291390728476821
2025-05-25,Tottenham,Brighton,1,4,A,0,1.8278145695364238,1.490066225165563,0.47019867549668876,1.5298013245033113,1.4370860927152318,0.37748344370860926
2025-05-25,Wolves,Brentford,1,1,D,0,1.1390728476821192,1.5496688741721854,0.33774834437086093,1.5033112582781456,1.4768211920529801,0.3576158940397351
2021-08-13,Brentford,Arsenal,2,0,H,1,,,,,,
2021-08-14,Man United,Leeds,5,1,H,1,,,,,,
2021-08-14,Burnley,Brighton,1,2,A,0,,,,,,
2021-08-14,Chelsea,Crystal Palace,3,0,H,1,,,,,,
2021-08-14,Everton,Southampton,3,1,H,1,,,,,,
2021-08-14,Leicester,Wolves,1,0,H,1,,,,,,
2021-08-14,Watford,Aston Villa,3,2,H,1,,,,,,
2021-08-14,Norwich,Liverpool,0,3,A,0,,,,,,
2021-08-15,Newcastle,West Ham,2,4,A,0,,,,,,
2021-08-15,Tottenham,Man City,1,0,H,1,,,,,,
2021-08-21,Liverpool,Burnley,2,0,H,1,3.0,0.0,1.0,1.0,2.0,0.0
2021-08-21,Aston Villa,Newcastle,2,0,H,1,2.0,3.0,0.0,2.0,4.0,0.0
2021-08-21,Crystal Palace,Brentford,0,0,D,0,0.0,3.0,0.0,2.0,0.0,1.0
2021-08-21,Leeds,Everton,2,2,D,0,1.0,5.0,0.0,3.0,1.0,1.0
2021-08-21,Man City,Norwich,5,0,H,1,0.0,1.0,0.0,0.0,3.0,0.0
2021-08-21,Brighton,Watford,2,0,H,1,2.0,1.0,1.0,3.0,2.0,1.0
2021-08-22,Southampton,Man United,1,1,D,0,1.0,3.0,0.0,5.0,1.0,1.0
2021-08-22,Wolves,Tottenham,0,1,A,0,0.0,1.0,0.0,1.0,0.0,1.0
2021-08-22,Arsenal,Chelsea,0,2,A,0,0.0,2.0,0.0,3.0,0.0,1.0
2021-08-23,West Ham,Leicester,4,1,H,1,4.0,2.0,1.0,1.0,0.0,1.0
2021-08-28,Man City,Arsenal,5,0,H,1,2.5,0.5,0.5,0.0,2.0,0.0
2021-08-28,Aston Villa,Brentford,1,1,D,0,2.0,1.5,0.5,1.0,0.0,0.5
2021-08-28,Brighton,Everton,0,2,A,0,2.0,0.5,1.0,2.5,1.5,0.5
2021-08-28,Newcastle,Southampton,2,2,D,0,1.0,3.0,0.0,1.0,2.0,0.0
2021-08-28,Norwich,Leicester,1,2,A,0,0.0,4.0,0.0,1.0,2.0,0.5
2021-08-28,West Ham,Crystal Palace,2,2,D,0,4.0,1.5,1.0,0.0,1.5,0.0
2021-08-28,Liverpool,Chelsea,1,1,D,0,2.5,0.0,1.0,2.5,0.0,1.0
2021-08-29,Burnley,Leeds,1,1,D,0,0.5,2.0,0.0,1.5,3.5,0.0
2021-08-29,Tottenham,Watford,1,0,H,1,1.0,0.0,1.0,1.5,2.0,0.5
2021-08-29,Wolves,Man United,0,1,A,0,0.0,1.0,0.0,3.0,1.0,0.5
2021-09-11,Crystal Palace,Tottenham,3,0,H,1,0.6666666666666666,1.6666666666666667,0.0,1.0,0.0,1.0
2021-09-11,Arsenal,Norwich,1,0,H,1,0.0,3.0,0.0,0.3333333333333333,3.3333333333333335,0.0
2021-09-11,Brentford,Brighton,0,1,A,0,1.0,0.3333333333333333,0.3333333333333333,1.3333333333333333,1.0,0.6666666666666666
2021-09-11,Leicester,Man City,0,1,A,0,1.3333333333333333,1.6666666666666667,0.6666666666666666,3.3333333333333335,0.3333333333333333,0.6666666666666666
2021-09-11,Man United,Newcastle,4,1,H,1,2.3333333333333335,0.6666666666666666,0.6666666666666666,1.3333333333333333,2.6666666666666665,0.0
2021-09-11,Southampton,West Ham,0,0,D,0,1.3333333333333333,2.0,0.0,3.3333333333333335,1.6666666666666667,0.6666666666666666
2021-09-11,Watford,Wolves,0,2,A,0,1.0,1.6666666666666667,0.3333333333333333,0.0,1.0,0.0
2021-09-11,Chelsea,Aston Villa,3,0,H,1,2.0,0.3333333333333333,0.6666666666666666,1.6666666666666667,1.3333333333333333,0.3333333333333333
2021-09-12,Leeds,Liverpool,0,3,A,0,1.3333333333333333,2.6666666666666665,0.0,2.0,0.3333333333333333,0.6666666666666666
2021-09-13,Everton,Burnley,3,1,H,1,2.3333333333333335,1.0,0.6666666666666666,0.6666666666666666,1.6666666666666667,0.0
2021-09-17,Newcastle,Leeds,1,1,D,0,1.25,3.0,0.0,1.0,2.75,0.0
2021-09-18,Wolves,Brentford,0,2,A,0,0.5,0.75,0.25,0.75,0.5,0.25
2021-09-18,Burnley,Arsenal,0,1,A,0,0.75,2.0,0.0,0.25,2.25,0.25
2021-09-18,Liverpool,Crystal Palace,3,0,H,1,2.25,0.25,0.75,1.25,1.25,0.25
2021-09-18,Man City,Southampton,0,0,D,0,2.75,0.25,0.75,1.0,1.5,0.0
2021-09-18,Norwich,Watford,1,3,A,0,0.25,2.75,0.0,0.75,1.75,0.25
2021-09-18,Aston Villa,Everton,3,0,H,1,1.25,1.75,0.25,2.5,1.0,0.75
2021-09-19,Brighton,Leicester,2,1,H,1,1.25,0.75,0.75,1.0,1.5,0.5
2021-09-19,West Ham,Man United,1,2,A,0,2.5,1.25,0.5,2.75,0.75,0.75
2021-09-19,Tottenham,Chelsea,0,3,A,0,0.75,0.75,0.75,2.25,0.25,0.75
2021-09-25,Chelsea,Man City,0,1,A,0,2.4,0.2,0.8,2.2,0.2,0.6
2021-09-25,Man United,Aston Villa,0,1,A,0,2.6,0.8,0.8,1.6,1.4,0.4
2021-09-25,Everton,Norwich,2,0,H,1,2.0,1.4,0.6,0.4,2.8,0.0
2021-09-25,Leeds,West Ham,1,2,A,0,1.0,2.4,0.0,2.2,1.4,0.4
2021-09-25,Leicester,Burnley,2,2,D,0,1.0,1.6,0.4,0.6,1.8,0.0
2021-09-25,Watford,Newcastle,1,1,D,0,1.2,1.6,0.4,1.2,2.6,0.0
2021-09-25,Brentford,Liverpool,3,3,D,0,1.0,0.4,0.4,2.4,0.2,0.8
2021-09-26,Southampton,Wolves,0,1,A,0,0.8,1.2,0.0,0.4,1.0,0.2
2021-09-26,Arsenal,Tottenham,3,1,H,1,0.4,1.8,0.4,0.6,1.2,0.6
2021-09-27,Crystal Palace,Brighton,1,1,D,0,1.0,1.6,0.2,1.4,0.8,0.8
2021-10-02,Man United,Everton,1,1,D,0,2.1666666666666665,0.8333333333333334,0.6666666666666666,2.0,1.1666666666666667,0.6666666666666666
2021-10-02,Burnley,Norwich,0,0,D,0,0.8333333333333334,1.8333333333333333,0.0,0.3333333333333333,2.6666666666666665,0.0
2021-10-02,Chelsea,Southampton,3,1,H,1,2.0,0.3333333333333333,0.6666666666666666,0.6666666666666666,1.1666666666666667,0.0
2021-10-02,Leeds,Watford,1,0,H,1,1.0,2.3333333333333335,0.0,1.1666666666666667,1.5,0.3333333333333333
2021-10-02,Wolves,Newcastle,2,1,H,1,0.5,0.8333333333333334,0.3333333333333333,1.1666666666666667,2.3333333333333335,0.0
2021-10-02,Brighton,Arsenal,0,0,D,0,1.3333333333333333,0.8333333333333334,0.6666666666666666,0.8333333333333334,1.6666666666666667,0.5
2021-10-03,Crystal Palace,Leicester,2,2,D,0,1.0,1.5,0.16666666666666666,1.1666666666666667,1.6666666666666667,0.3333333333333333
2021-10-03,Tottenham,Aston Villa,2,1,H,1,0.6666666666666666,1.5,0.5,1.5,1.1666666666666667,0.5
2021-10-03,West Ham,Brentford,1,2,A,0,2.1666666666666665,1.3333333333333333,0.5,1.3333333333333333,0.8333333333333334,0.3333333333333333
2021-10-03,Liverpool,Man City,2,2,D,0,2.5,0.6666666666666666,0.6666666666666666,2.0,0.16666666666666666,0.6666666666666666
2021-10-16,Watford,Liverpool,0,5,A,0,1.0,1.4285714285714286,0.2857142857142857,2.4285714285714284,0.8571428571428571,0.5714285714285714
2021-10-16,Aston Villa,Wolves,2,3,A,0,1.4285714285714286,1.2857142857142858,0.42857142857142855,0.7142857142857143,0.8571428571428571,0.42857142857142855
2021-10-16,Leicester,Man United,4,2,H,1,1.2857142857142858,1.7142857142857142,0.2857142857142857,2.0,0.8571428571428571,0.5714285714285714
2021-10-16,Man City,Burnley,2,0,H,1,2.0,0.42857142857142855,0.5714285714285714,0.7142857142857143,1.5714285714285714,0.0
2021-10-16,Norwich,Brighton,0,0,D,0,0.2857142857142857,2.2857142857142856,0.0,1.1428571428571428,0.7142857142857143,0.5714285714285714
2021-10-16,Southampton,Leeds,1,0,H,1,0.7142857142857143,1.4285714285714286,0.0,1.0,2.0,0.14285714285714285
2021-10-16,Brentford,Chelsea,0,1,A,0,1.4285714285714286,0.8571428571428571,0.42857142857142855,2.142857142857143,0.42857142857142855,0.7142857142857143
2021-10-17,Everton,West Ham,0,1,A,0,1.8571428571428572,1.1428571428571428,0.5714285714285714,2.0,1.4285714285714286,0.42857142857142855
2021-10-17,Newcastle,Tottenham,2,3,A,0,1.1428571428571428,2.2857142857142856,0.0,0.8571428571428571,1.4285714285714286,0.5714285714285714
2021-10-18,Arsenal,Crystal Palace,2,2,D,0,0.7142857142857143,1.4285714285714286,0.42857142857142855,1.1428571428571428,1.5714285714285714,0.14285714285714285
2021-10-22,Arsenal,Aston Villa,3,1,H,1,0.875,1.5,0.375,1.5,1.5,0.375
2021-10-23,Chelsea,Norwich,7,0,H,1,2.0,0.375,0.75,0.25,2.0,0.0
2021-10-23,Crystal Palace,Newcastle,1,1,D,0,1.25,1.625,0.125,1.25,2.375,0.0
2021-10-23,Everton,Watford,2,5,A,0,1.625,1.125,0.5,0.875,1.875,0.25
2021-10-23,Leeds,Wolves,1,1,D,0,0.875,1.875,0.125,1.0,1.0,0.5
2021-10-23,Southampton,Burnley,2,2,D,0,0.75,1.25,0.125,0.625,1.625,0.0
2021-10-23,Brighton,Man City,1,4,A,0,1.0,0.625,0.5,2.0,0.375,0.625
2021-10-24,Brentford,Leicester,1,2,A,0,1.25,0.875,0.375,1.625,1.75,0.375
2021-10-24,West Ham,Tottenham,1,0,H,1,1.875,1.25,0.5,1.125,1.5,0.625
2021-10-24,Man United,Liverpool,0,5,A,0,2.0,1.25,0.5,2.75,0.75,0.625
2021-10-30,Leicester,Arsenal,0,2,A,0,1.6666666666666667,1.6666666666666667,0.4444444444444444,1.1111111111111112,1.4444444444444444,0.4444444444444444
2021-10-30,Burnley,Brentford,3,1,H,1,0.7777777777777778,1.6666666666666667,0.0,1.2222222222222223,1.0,0.3333333333333333
2021-10-30,Liverpool,Brighton,2,2,D,0,3.0,0.6666666666666666,0.6666666666666666,1.0,1.0,0.4444444444444444
2021-10-30,Man City,Crystal Palace,0,2,A,0,2.2222222222222223,0.4444444444444444,0.6666666666666666,1.2222222222222223,1.5555555555555556,0.1111111111111111
2021-10-30,Newcastle,Chelsea,0,3,A,0,1.2222222222222223,2.2222222222222223,0.0,2.5555555555555554,0.3333333333333333,0.7777777777777778
2021-10-30,Watford,Southampton,0,1,A,0,1.3333333333333333,1.8888888888888888,0.3333333333333333,0.8888888888888888,1.3333333333333333,0.1111111111111111
2021-10-30,Tottenham,Man United,0,3,A,0,1.0,1.4444444444444444,0.5555555555555556,1.7777777777777777,1.6666666666666667,0.4444444444444444
2021-10-31,Norwich,Leeds,1,2,A,0,0.2222222222222222,2.5555555555555554,0.0,0.8888888888888888,1.7777777777777777,0.1111111111111111
2021-10-31,Aston Villa,West Ham,1,4,A,0,1.4444444444444444,1.6666666666666667,0.3333333333333333,1.7777777777777777,1.1111111111111112,0.5555555555555556
2021-11-01,Wolves,Everton,2,1,H,1,1.0,1.0,0.4444444444444444,1.6666666666666667,1.5555555555555556,0.4444444444444444
2021-11-05,Southampton,Aston Villa,1,0,H,1,0.9,1.2,0.2,1.4,1.9,0.3
2021-11-06,Man United,Man City,0,2,A,0,1.9,1.5,0.5,2.0,0.6,0.6
2021-11-06,Brentford,Norwich,1,2,A,0,1.2,1.2,0.3,0.3,2.5,0.0
2021-11-06,Chelsea,Burnley,1,1,D,0,2.6,0.3,0.8,1.0,1.6,0.1
2021-11-06,Crystal Palace,Wolves,2,0,H,1,1.3,1.4,0.2,1.1,1.0,0.5
2021-11-06,Brighton,Newcastle,1,1,D,0,1.1,1.1,0.4,1.1,2.3,0.0
2021-11-07,Arsenal,Watford,1,0,H,1,1.2,1.3,0.5,1.2,1.8,0.3
2021-11-07,Everton,Tottenham,0,0,D,0,1.6,1.6,0.4,0.9,1.6,0.5
2021-11-07,Leeds,Leicester,1,1,D,0,1.0,1.7,0.2,1.5,1.7,0.4
2021-11-07,West Ham,Liverpool,3,2,H,1,2.0,1.1,0.6,2.9,0.8,0.6
2021-11-20,Leicester,Chelsea,0,3,A,0,1.4545454545454546,1.6363636363636365,0.36363636363636365,2.4545454545454546,0.36363636363636365,0.7272727272727273
2021-11-20,Aston Villa,Brighton,2,0,H,1,1.2727272727272727,1.8181818181818181,0.2727272727272727,1.0909090909090908,1.0909090909090908,0.36363636363636365
2021-11-20,Burnley,Crystal Palace,3,3,D,0,1.0,1.5454545454545454,0.09090909090909091,1.3636363636363635,1.2727272727272727,0.2727272727272727
2021-11-20,Newcastle,Brentford,3,3,D,0,1.0909090909090908,2.1818181818181817,0.0,1.1818181818181819,1.2727272727272727,0.2727272727272727
2021-11-20,Norwich,Southampton,2,1,H,1,0.45454545454545453,2.3636363636363638,0.09090909090909091,0.9090909090909091,1.0909090909090908,0.2727272727272727
2021-11-20,Watford,Man United,4,1,H,1,1.0909090909090908,1.7272727272727273,0.2727272727272727,1.7272727272727273,1.5454545454545454,0.45454545454545453
2021-11-20,Wolves,West Ham,1,0,H,1,1.0,1.0909090909090908,0.45454545454545453,2.090909090909091,1.1818181818181819,0.6363636363636364
2021-11-20,Liverpool,Arsenal,4,0,H,1,2.8181818181818183,1.0,0.5454545454545454,1.1818181818181819,1.1818181818181819,0.5454545454545454
2021-11-21,Man City,Everton,3,0,H,1,2.0,0.5454545454545454,0.6363636363636364,1.4545454545454546,1.4545454545454546,0.36363636363636365
2021-11-21,Tottenham,Leeds,2,1,H,1,0.8181818181818182,1.4545454545454546,0.45454545454545453,1.0,1.6363636363636365,0.18181818181818182
2021-11-27,Arsenal,Newcastle,2,0,H,1,1.0833333333333333,1.4166666666666667,0.5,1.25,2.25,0.0
2021-11-27,Crystal Palace,Aston Villa,1,2,A,0,1.5,1.4166666666666667,0.25,1.3333333333333333,1.6666666666666667,0.3333333333333333
2021-11-27,Liverpool,Southampton,4,0,H,1,2.9166666666666665,0.9166666666666666,0.5833333333333334,0.9166666666666666,1.1666666666666667,0.25
2021-11-27,Norwich,Wolves,0,0,D,0,0.5833333333333334,2.25,0.16666666666666666,1.0,1.0,0.5
2021-11-27,Brighton,Leeds,0,0,D,0,1.0,1.1666666666666667,0.3333333333333333,1.0,1.6666666666666667,0.16666666666666666
2021-11-28,Brentford,Everton,1,0,H,1,1.3333333333333333,1.4166666666666667,0.25,1.3333333333333333,1.5833333333333333,0.3333333333333333
2021-11-28,Leicester,Watford,4,2,H,1,1.3333333333333333,1.75,0.3333333333333333,1.3333333333333333,1.6666666666666667,0.3333333333333333
2021-11-28,Man City,West Ham,2,1,H,1,2.0833333333333335,0.5,0.6666666666666666,1.9166666666666667,1.1666666666666667,0.5833333333333334
2021-11-28,Chelsea,Man United,1,1,D,0,2.5,0.3333333333333333,0.75,1.6666666666666667,1.75,0.4166666666666667
2021-11-30,Newcastle,Norwich,1,1,D,0,1.1538461538461537,2.230769230769231,0.0,0.5384615384615384,2.076923076923077,0.15384615384615385
2021-11-30,Leeds,Crystal Palace,1,0,H,1,0.9230769230769231,1.5384615384615385,0.15384615384615385,1.4615384615384615,1.4615384615384615,0.23076923076923078
2021-12-01,Southampton,Leicester,2,2,D,0,0.8461538461538461,1.3846153846153846,0.23076923076923078,1.5384615384615385,1.7692307692307692,0.38461538461538464
2021-12-01,Watford,Chelsea,1,2,A,0,1.3846153846153846,1.8461538461538463,0.3076923076923077,2.3846153846153846,0.38461538461538464,0.6923076923076923
2021-12-01,West Ham,Brighton,1,1,D,0,1.8461538461538463,1.2307692307692308,0.5384615384615384,0.9230769230769231,1.0769230769230769,0.3076923076923077
2021-12-01,Wolves,Burnley,0,0,D,0,0.9230769230769231,0.9230769230769231,0.46153846153846156,1.1666666666666667,1.6666666666666667,0.08333333333333333
2021-12-01,Aston Villa,Man City,1,2,A,0,1.3846153846153846,1.6153846153846154,0.38461538461538464,2.076923076923077,0.5384615384615384,0.6923076923076923
2021-12-01,Everton,Liverpool,1,4,A,0,1.2307692307692308,1.5384615384615385,0.3076923076923077,3.0,0.8461538461538461,0.6153846153846154
2021-12-02,Tottenham,Brentford,2,0,H,1,0.9166666666666666,1.4166666666666667,0.5,1.3076923076923077,1.3076923076923077,0.3076923076923077
2021-12-02,Man United,Arsenal,3,2,H,1,1.6153846153846154,1.6923076923076923,0.38461538461538464,1.1538461538461537,1.3076923076923077,0.5384615384615384
2021-12-04,West Ham,Chelsea,3,2,H,1,1.7857142857142858,1.2142857142857142,0.5,2.357142857142857,0.42857142857142855,0.7142857142857143
2021-12-04,Newcastle,Burnley,1,0,H,1,1.1428571428571428,2.142857142857143,0.0,1.0769230769230769,1.5384615384615385,0.07692307692307693
2021-12-04,Southampton,Brighton,1,1,D,0,0.9285714285714286,1.4285714285714286,0.21428571428571427,0.9285714285714286,1.0714285714285714,0.2857142857142857
2021-12-04,Wolves,Liverpool,0,1,A,0,0.8571428571428571,0.8571428571428571,0.42857142857142855,3.0714285714285716,0.8571428571428571,0.6428571428571429
2021-12-04,Watford,Man City,1,3,A,0,1.3571428571428572,1.8571428571428572,0.2857142857142857,2.0714285714285716,0.5714285714285714,0.7142857142857143
2021-12-05,Leeds,Brentford,2,2,D,0,0.9285714285714286,1.4285714285714286,0.21428571428571427,1.2142857142857142,1.3571428571428572,0.2857142857142857
2021-12-05,Man United,Crystal Palace,1,0,H,1,1.7142857142857142,1.7142857142857142,0.42857142857142855,1.3571428571428572,1.4285714285714286,0.21428571428571427
2021-12-05,Tottenham,Norwich,3,0,H,1,1.0,1.3076923076923077,0.5384615384615384,0.5714285714285714,2.0,0.14285714285714285
2021-12-05,Aston Villa,Leicester,2,1,H,1,1.3571428571428572,1.6428571428571428,0.35714285714285715,1.5714285714285714,1.7857142857142858,0.35714285714285715
2021-12-06,Everton,Arsenal,2,1,H,1,1.2142857142857142,1.7142857142857142,0.2857142857142857,1.2142857142857142,1.4285714285714286,0.5
2021-12-10,Brentford,Watford,2,1,H,1,1.2666666666666666,1.4,0.26666666666666666,1.3333333333333333,1.9333333333333333,0.26666666666666666
2021-12-11,Man City,Wolves,1,0,H,1,2.1333333333333333,0.6,0.7333333333333333,0.8,0.8666666666666667,0.4
2021-12-11,Arsenal,Southampton,3,0,H,1,1.2,1.4666666666666666,0.4666666666666667,0.9333333333333333,1.4,0.2
2021-12-11,Chelsea,Leeds,3,2,H,1,2.3333333333333335,0.6,0.6666666666666666,1.0,1.4666666666666666,0.2
2021-12-11,Liverpool,Aston Villa,1,0,H,1,2.933333333333333,0.8,0.6666666666666666,1.4,1.6,0.4
2021-12-11,Norwich,Man United,0,1,A,0,0.5333333333333333,2.066666666666667,0.13333333333333333,1.6666666666666667,1.6,0.4666666666666667
2021-12-12,Burnley,West Ham,0,0,D,0,1.0,1.5,0.07142857142857142,1.8666666666666667,1.2666666666666666,0.5333333333333333
2021-12-12,Leicester,Newcastle,4,0,H,1,1.5333333333333334,1.8,0.3333333333333333,1.1333333333333333,2.0,0.06666666666666667
2021-12-12,Crystal Palace,Everton,3,1,H,1,1.2666666666666666,1.4,0.2,1.2666666666666666,1.6666666666666667,0.3333333333333333
2021-12-14,Norwich,Aston Villa,0,2,A,0,0.5,2.0,0.125,1.3125,1.5625,0.375
2021-12-14,Man City,Leeds,7,0,H,1,2.0625,0.5625,0.75,1.0625,1.5625,0.1875
2021-12-15,Brighton,Wolves,0,1,A,0,0.9333333333333333,1.0666666666666667,0.26666666666666666,0.75,0.875,0.375
2021-12-15,Crystal Palace,Southampton,2,2,D,0,1.375,1.375,0.25,0.875,1.5,0.1875
2021-12-15,Arsenal,West Ham,2,0,H,1,1.3125,1.375,0.5,1.75,1.1875,0.5
2021-12-16,Chelsea,Everton,1,1,D,0,2.375,0.6875,0.6875,1.25,1.75,0.3125
2021-12-16,Liverpool,Newcastle,3,1,H,1,2.8125,0.75,0.6875,1.0625,2.125,0.0625
2021-12-18,Leeds,Arsenal,1,4,A,0,1.0,1.8823529411764706,0.17647058823529413,1.3529411764705883,1.2941176470588236,0.5294117647058824
2021-12-19,Newcastle,Man City,0,4,A,0,1.0588235294117647,2.176470588235294,0.058823529411764705,2.3529411764705883,0.5294117647058824,0.7647058823529411
2021-12-19,Wolves,Chelsea,0,0,D,0,0.7647058823529411,0.8235294117647058,0.4117647058823529,2.2941176470588234,0.7058823529411765,0.6470588235294118
2021-12-19,Tottenham,Liverpool,2,2,D,0,1.1428571428571428,1.2142857142857142,0.5714285714285714,2.823529411764706,0.7647058823529411,0.7058823529411765
2021-12-26,Man City,Leicester,6,3,H,1,2.4444444444444446,0.5,0.7777777777777778,1.6875,1.6875,0.375
2021-12-26,Norwich,Arsenal,0,5,A,0,0.47058823529411764,2.0,0.11764705882352941,1.5,1.2777777777777777,0.5555555555555556
2021-12-26,Tottenham,Crystal Palace,3,0,H,1,1.2,1.2666666666666666,0.5333333333333333,1.411764705882353,1.411764705882353,0.23529411764705882
2021-12-26,West Ham,Southampton,2,3,A,0,1.6470588235294117,1.2352941176470589,0.47058823529411764,0.9411764705882353,1.5294117647058822,0.17647058823529413
2021-12-26,Aston Villa,Chelsea,1,3,A,0,1.3529411764705883,1.4705882352941178,0.4117647058823529,2.1666666666666665,0.6666666666666666,0.6111111111111112
2021-12-26,Brighton,Brentford,2,0,H,1,0.875,1.0625,0.25,1.3125,1.375,0.3125
2021-12-27,Newcastle,Man United,1,1,D,0,1.0,2.2777777777777777,0.05555555555555555,1.625,1.5,0.5
2021-12-28,Crystal Palace,Norwich,3,0,H,1,1.3333333333333333,1.5,0.2222222222222222,0.4444444444444444,2.1666666666666665,0.1111111111111111
2021-12-28,Southampton,Tottenham,1,1,D,0,1.0555555555555556,1.5555555555555556,0.2222222222222222,1.3125,1.1875,0.5625
2021-12-28,Watford,West Ham,1,4,A,0,1.3125,1.9375,0.25,1.6666666666666667,1.3333333333333333,0.4444444444444444
2021-12-28,Leicester,Liverpool,1,0,H,1,1.7647058823529411,1.9411764705882353,0.35294117647058826,2.7777777777777777,0.8333333333333334,0.6666666666666666
2021-12-29,Chelsea,Brighton,1,1,D,0,2.210526315789474,0.6842105263157895,0.631578947368421,0.9411764705882353,1.0,0.29411764705882354
2021-12-29,Brentford,Man City,0,1,A,0,1.2352941176470589,1.411764705882353,0.29411764705882354,2.6315789473684212,0.631578947368421,0.7894736842105263
2021-12-30,Man United,Burnley,3,1,H,1,1.588235294117647,1.4705882352941178,0.47058823529411764,0.9333333333333333,1.4,0.06666666666666667
2022-01-01,Arsenal,Man City,1,2,A,0,1.6842105263157894,1.2105263157894737,0.5789473684210527,2.55,0.6,0.8
2022-01-01,Watford,Tottenham,0,1,A,0,1.2941176470588236,2.0588235294117645,0.23529411764705882,1.2941176470588236,1.1764705882352942,0.5294117647058824
2022-01-01,Crystal Palace,West Ham,2,3,A,0,1.4210526315789473,1.4210526315789473,0.2631578947368421,1.7894736842105263,1.3157894736842106,0.47368421052631576
2022-01-02,Brentford,Aston Villa,2,1,H,1,1.1666666666666667,1.3888888888888888,0.2777777777777778,1.3333333333333333,1.5555555555555556,0.3888888888888889
2022-01-02,Everton,Brighton,2,3,A,0,1.2352941176470589,1.7058823529411764,0.29411764705882354,0.9444444444444444,1.0,0.2777777777777778
2022-01-02,Leeds,Burnley,3,1,H,1,1.0,2.0,0.16666666666666666,0.9375,1.5,0.0625
2022-01-02,Chelsea,Liverpool,2,2,D,0,2.15,0.7,0.6,2.6315789473684212,0.8421052631578947,0.631578947368421
2022-01-03,Man United,Wolves,0,1,A,0,1.6666666666666667,1.4444444444444444,0.5,0.7222222222222222,0.7777777777777778,0.3888888888888889
2022-01-11,Southampton,Brentford,4,1,H,1,1.0526315789473684,1.5263157894736843,0.21052631578947367,1.2105263157894737,1.368421052631579,0.3157894736842105
2022-01-12,West Ham,Norwich,2,0,H,1,1.85,1.35,0.5,0.42105263157894735,2.210526315789474,0.10526315789473684
2022-01-14,Brighton,Crystal Palace,1,1,D,0,1.0526315789473684,1.0526315789473684,0.3157894736842105,1.45,1.5,0.25
2022-01-15,Man City,Chelsea,1,0,H,1,2.5238095238095237,0.6190476190476191,0.8095238095238095,2.142857142857143,0.7619047619047619,0.5714285714285714
2022-01-15,Newcastle,Watford,1,1,D,0,1.0,2.210526315789474,0.05263157894736842,1.2222222222222223,2.0,0.2222222222222222
2022-01-15,Norwich,Everton,2,1,H,1,0.4,2.2,0.1,1.2777777777777777,1.7777777777777777,0.2777777777777778
2022-01-15,Wolves,Southampton,3,1,H,1,0.7368421052631579,0.7368421052631579,0.42105263157894735,1.2,1.5,0.25
2022-01-15,Aston Villa,Man United,2,2,D,0,1.3157894736842106,1.5789473684210527,0.3684210526315789,1.5789473684210527,1.4210526315789473,0.47368421052631576
2022-01-16,Liverpool,Brentford,3,0,H,1,2.6,0.9,0.6,1.2,1.5,0.3
2022-01-16,West Ham,Leeds,2,3,A,0,1.8571428571428572,1.2857142857142858,0.5238095238095238,1.105263157894737,1.9473684210526316,0.21052631578947367
2022-01-18,Brighton,Chelsea,1,1,D,0,1.05,1.05,0.3,2.0454545454545454,0.7727272727272727,0.5454545454545454
2022-01-19,Leicester,Tottenham,2,3,A,0,1.7222222222222223,1.8333333333333333,0.3888888888888889,1.2777777777777777,1.1111111111111112,0.5555555555555556
2022-01-19,Brentford,Man United,1,3,A,0,1.1428571428571428,1.5714285714285714,0.2857142857142857,1.6,1.45,0.45
2022-01-21,Watford,Norwich,0,3,A,0,1.2105263157894737,1.9473684210526316,0.21052631578947367,0.47619047619047616,2.142857142857143,0.14285714285714285
2022-01-22,Everton,Aston Villa,0,1,A,0,1.263157894736842,1.7894736842105263,0.2631578947368421,1.35,1.6,0.35
2022-01-22,Brentford,Wolves,1,2,A,0,1.1363636363636365,1.6363636363636365,0.2727272727272727,0.85,0.75,0.45
2022-01-22,Leeds,Newcastle,0,1,A,0,1.2,1.95,0.25,1.0,2.15,0.05
2022-01-22,Man United,West Ham,1,0,H,1,1.6666666666666667,1.4285714285714286,0.47619047619047616,1.8636363636363635,1.3636363636363635,0.5
2022-01-22,Southampton,Man City,1,1,D,0,1.1904761904761905,1.5714285714285714,0.23809523809523808,2.4545454545454546,0.5909090909090909,0.8181818181818182
2022-01-23,Arsenal,Burnley,0,0,D,0,1.65,1.25,0.55,0.9411764705882353,1.588235294117647,0.058823529411764705
2022-01-23,Crystal Palace,Liverpool,1,3,A,0,1.4285714285714286,1.4761904761904763,0.23809523809523808,2.619047619047619,0.8571428571428571,0.6190476190476191
2022-01-23,Leicester,Brighton,1,1,D,0,1.736842105263158,1.894736842105263,0.3684210526315789,1.0476190476190477,1.0476190476190477,0.2857142857142857
2022-01-23,Chelsea,Tottenham,2,0,H,1,2.0,0.782608695652174,0.5217391304347826,1.368421052631579,1.1578947368421053,0.5789473684210527
2022-02-05,Burnley,Watford,0,0,D,0,0.8888888888888888,1.5,0.05555555555555555,1.15,2.0,0.2
2022-02-08,Newcastle,Everton,3,1,H,1,1.0,2.0476190476190474,0.09523809523809523,1.2,1.75,0.25
2022-02-08,West Ham,Watford,1,0,H,1,1.7826086956521738,1.3478260869565217,0.4782608695652174,1.0952380952380953,1.9047619047619047,0.19047619047619047
2022-02-08,Burnley,Man United,1,1,D,0,0.8421052631578947,1.4210526315789473,0.05263157894736842,1.6363636363636365,1.3636363636363635,0.5
2022-02-09,Man City,Brentford,2,0,H,1,2.391304347826087,0.6086956521739131,0.782608695652174,1.1304347826086956,1.6521739130434783,0.2608695652173913
2022-02-09,Norwich,Crystal Palace,1,1,D,0,0.5909090909090909,2.0454545454545454,0.18181818181818182,1.4090909090909092,1.5454545454545454,0.22727272727272727
2022-02-09,Tottenham,Southampton,2,3,A,0,1.3,1.2,0.55,1.1818181818181819,1.5454545454545454,0.22727272727272727
2022-02-09,Aston Villa,Leeds,3,3,D,0,1.3333333333333333,1.5238095238095237,0.38095238095238093,1.1428571428571428,1.9047619047619047,0.23809523809523808
2022-02-10,Liverpool,Leicester,2,0,H,1,2.6363636363636362,0.8636363636363636,0.6363636363636364,1.7,1.85,0.35
2022-02-10,Wolves,Arsenal,0,1,A,0,0.9047619047619048,0.7619047619047619,0.47619047619047616,1.5714285714285714,1.1904761904761905,0.5238095238095238
2022-02-12,Man United,Southampton,1,1,D,0,1.608695652173913,1.3478260869565217,0.4782608695652174,1.2608695652173914,1.565217391304348,0.2608695652173913
2022-02-12,Brentford,Crystal Palace,0,0,D,0,1.0833333333333333,1.6666666666666667,0.25,1.391304347826087,1.5217391304347827,0.21739130434782608
2022-02-12,Everton,Leeds,3,0,H,1,1.1904761904761905,1.8095238095238095,0.23809523809523808,1.2272727272727273,1.9545454545454546,0.22727272727272727
2022-02-12,Watford,Brighton,0,2,A,0,1.0454545454545454,1.8636363636363635,0.18181818181818182,1.0454545454545454,1.0454545454545454,0.2727272727272727
2022-02-12,Norwich,Man City,0,4,A,0,0.6086956521739131,2.0,0.17391304347826086,2.375,0.5833333333333334,0.7916666666666666
2022-02-13,Burnley,Liverpool,0,1,A,0,0.85,1.4,0.05,2.608695652173913,0.8260869565217391,0.6521739130434783
2022-02-13,Newcastle,Aston Villa,1,0,H,1,1.0909090909090908,2.0,0.13636363636363635,1.4090909090909092,1.5909090909090908,0.36363636363636365
2022-02-13,Tottenham,Wolves,0,2,A,0,1.3333333333333333,1.2857142857142858,0.5238095238095238,0.8636363636363636,0.7727272727272727,0.45454545454545453
2022-02-13,Leicester,West Ham,2,2,D,0,1.619047619047619,1.8571428571428572,0.3333333333333333,1.75,1.2916666666666667,0.5
2022-02-15,Man United,Brighton,2,0,H,1,1.5833333333333333,1.3333333333333333,0.4583333333333333,1.0869565217391304,1.0,0.30434782608695654
2022-02-19,West Ham,Newcastle,1,1,D,0,1.76,1.32,0.48,1.0869565217391304,1.9130434782608696,0.17391304347826086
2022-02-19,Arsenal,Brentford,2,1,H,1,1.5454545454545454,1.1363636363636365,0.5454545454545454,1.04,1.6,0.24
2022-02-19,Aston Villa,Watford,0,1,A,0,1.3478260869565217,1.565217391304348,0.34782608695652173,1.0,1.8695652173913044,0.17391304347826086
2022-02-19,Brighton,Burnley,0,3,A,0,1.0416666666666667,1.0416666666666667,0.2916666666666667,0.8095238095238095,1.380952380952381,0.047619047619047616
2022-02-19,Crystal Palace,Chelsea,0,1,A,0,1.3333333333333333,1.4583333333333333,0.20833333333333334,2.0,0.75,0.5416666666666666
2022-02-19,Liverpool,Norwich,3,1,H,1,2.5416666666666665,0.7916666666666666,0.6666666666666666,0.5833333333333334,2.0833333333333335,0.16666666666666666
2022-02-19,Southampton,Everton,2,0,H,1,1.25,1.5416666666666667,0.25,1.2727272727272727,1.7272727272727273,0.2727272727272727
2022-02-19,Man City,Tottenham,2,3,A,0,2.44,0.56,0.8,1.2727272727272727,1.3181818181818181,0.5
2022-02-20,Leeds,Man United,2,4,A,0,1.173913043478261,2.0,0.21739130434782608,1.6,1.28,0.48
2022-02-20,Wolves,Leicester,2,1,H,1,0.9130434782608695,0.7391304347826086,0.4782608695652174,1.6363636363636365,1.8636363636363635,0.3181818181818182
2022-02-23,Burnley,Tottenham,1,0,H,1,0.9090909090909091,1.3181818181818181,0.09090909090909091,1.3478260869565217,1.3478260869565217,0.5217391304347826
2022-02-23,Watford,Crystal Palace,1,4,A,0,1.0,1.7916666666666667,0.20833333333333334,1.28,1.44,0.2
2022-02-23,Liverpool,Leeds,6,0,H,1,2.56,0.8,0.68,1.2083333333333333,2.0833333333333335,0.20833333333333334
2022-02-24,Arsenal,Wolves,2,1,H,1,1.565217391304348,1.1304347826086956,0.5652173913043478,0.9583333333333334,0.75,0.5
2022-02-25,Southampton,Norwich,2,0,H,1,1.28,1.48,0.28,0.6,2.12,0.16
2022-02-26,Leeds,Tottenham,0,4,A,0,1.16,2.24,0.2,1.2916666666666667,1.3333333333333333,0.5
2022-02-26,Brentford,Newcastle,0,2,A,0,1.0384615384615385,1.6153846153846154,0.23076923076923078,1.0833333333333333,1.875,0.16666666666666666
2022-02-26,Crystal Palace,Burnley,1,1,D,0,1.3846153846153846,1.4230769230769231,0.23076923076923078,0.9130434782608695,1.2608695652173914,0.13043478260869565
2022-02-26,Man United,Watford,0,0,D,0,1.6923076923076923,1.3076923076923077,0.5,1.0,1.88,0.2
2022-02-26,Brighton,Aston Villa,0,2,A,0,1.0,1.12,0.28,1.2916666666666667,1.5416666666666667,0.3333333333333333
2022-02-26,Everton,Man City,0,1,A,0,1.2173913043478262,1.7391304347826086,0.2608695652173913,2.423076923076923,0.6538461538461539,0.7692307692307693
2022-02-27,West Ham,Wolves,1,0,H,1,1.7307692307692308,1.3076923076923077,0.46153846153846156,0.96,0.8,0.48
2022-03-01,Burnley,Leicester,0,2,A,0,0.9166666666666666,1.25,0.125,1.608695652173913,1.8695652173913044,0.30434782608695654
2022-03-05,Leicester,Leeds,1,0,H,1,1.625,1.7916666666666667,0.3333333333333333,1.1153846153846154,2.3076923076923075,0.19230769230769232
2022-03-05,Aston Villa,Southampton,4,0,H,1,1.32,1.48,0.36,1.3076923076923077,1.4230769230769231,0.3076923076923077
2022-03-05,Burnley,Chelsea,0,4,A,0,0.88,1.28,0.12,1.96,0.72,0.56
2022-03-05,Newcastle,Brighton,2,1,H,1,1.12,1.8,0.2,0.9615384615384616,1.1538461538461537,0.2692307692307692
2022-03-05,Norwich,Brentford,1,3,A,0,0.5769230769230769,2.1153846153846154,0.15384615384615385,1.0,1.6296296296296295,0.2222222222222222
2022-03-05,Wolves,Crystal Palace,0,2,A,0,0.9230769230769231,0.8076923076923077,0.46153846153846156,1.3703703703703705,1.4074074074074074,0.2222222222222222
2022-03-05,Liverpool,West Ham,1,0,H,1,2.6923076923076925,0.7692307692307693,0.6923076923076923,1.7037037037037037,1.2592592592592593,0.48148148148148145
2022-03-06,Watford,Arsenal,2,3,A,0,0.9615384615384616,1.8076923076923077,0.19230769230769232,1.5833333333333333,1.125,0.5833333333333334
2022-03-06,Man City,Man United,4,1,H,1,2.3703703703703702,0.6296296296296297,0.7777777777777778,1.6296296296296295,1.2592592592592593,0.48148148148148145
2022-03-07,Tottenham,Everton,5,0,H,1,1.4,1.28,0.52,1.1666666666666667,1.7083333333333333,0.25
2022-03-10,Norwich,Chelsea,1,3,A,0,0.5925925925925926,2.1481481481481484,0.14814814814814814,2.0384615384615383,0.6923076923076923,0.5769230769230769
2022-03-10,Southampton,Newcastle,1,2,A,0,1.2592592592592593,1.5185185185185186,0.2962962962962963,1.1538461538461537,1.7692307692307692,0.23076923076923078
2022-03-10,Wolves,Watford,4,0,H,1,0.8888888888888888,0.8518518518518519,0.4444444444444444,1.0,1.8518518518518519,0.18518518518518517
2022-03-10,Leeds,Aston Villa,0,3,A,0,1.0740740740740742,2.259259259259259,0.18518518518518517,1.4230769230769231,1.4230769230769231,0.38461538461538464
2022-03-12,Brighton,Liverpool,0,2,A,0,0.9629629629629629,1.1851851851851851,0.25925925925925924,2.6296296296296298,0.7407407407407407,0.7037037037037037
2022-03-12,Brentford,Burnley,2,0,H,1,1.0714285714285714,1.6071428571428572,0.25,0.8461538461538461,1.3846153846153846,0.11538461538461539
2022-03-12,Man United,Tottenham,3,2,H,1,1.6071428571428572,1.3571428571428572,0.4642857142857143,1.5384615384615385,1.2307692307692308,0.5384615384615384
2022-03-13,Chelsea,Newcastle,1,0,H,1,2.074074074074074,0.7037037037037037,0.5925925925925926,1.1851851851851851,1.7407407407407407,0.25925925925925924
2022-03-13,Everton,Wolves,0,1,A,0,1.12,1.84,0.24,1.0,0.8214285714285714,0.4642857142857143
2022-03-13,Leeds,Norwich,2,1,H,1,1.0357142857142858,2.2857142857142856,0.17857142857142858,0.6071428571428571,2.1785714285714284,0.14285714285714285
2022-03-13,Southampton,Watford,1,2,A,0,1.25,1.5357142857142858,0.2857142857142857,0.9642857142857143,1.9285714285714286,0.17857142857142858
2022-03-13,West Ham,Aston Villa,2,1,H,1,1.6428571428571428,1.25,0.4642857142857143,1.4814814814814814,1.3703703703703705,0.4074074074074074
2022-03-13,Arsenal,Leicester,2,0,H,1,1.64,1.16,0.6,1.6,1.72,0.36
2022-03-14,Crystal Palace,Man City,0,0,D,0,1.3928571428571428,1.3571428571428572,0.25,2.4285714285714284,0.6428571428571429,0.7857142857142857
2022-03-16,Brighton,Tottenham,0,2,A,0,0.9285714285714286,1.2142857142857142,0.25,1.5555555555555556,1.2962962962962963,0.5185185185185185
2022-03-16,Arsenal,Liverpool,0,2,A,0,1.6538461538461537,1.1153846153846154,0.6153846153846154,2.607142857142857,0.7142857142857143,0.7142857142857143
2022-03-17,Everton,Newcastle,1,0,H,1,1.0769230769230769,1.8076923076923077,0.23076923076923078,1.1428571428571428,1.7142857142857142,0.25
2022-03-18,Wolves,Leeds,2,3,A,0,1.0,0.7931034482758621,0.4827586206896552,1.0689655172413792,2.2413793103448274,0.20689655172413793
2022-03-19,Aston Villa,Arsenal,0,1,A,0,1.4642857142857142,1.3928571428571428,0.39285714285714285,1.5925925925925926,1.1481481481481481,0.5925925925925926
2022-03-20,Leicester,Brentford,2,1,H,1,1.5384615384615385,1.7307692307692308,0.34615384615384615,1.103448275862069,1.5517241379310345,0.27586206896551724
2022-03-20,Tottenham,West Ham,3,1,H,1,1.5714285714285714,1.25,0.5357142857142857,1.6551724137931034,1.2413793103448276,0.4827586206896552
2022-04-02,Liverpool,Watford,2,0,H,1,2.586206896551724,0.6896551724137931,0.7241379310344828,1.0,1.896551724137931,0.20689655172413793
2022-04-02,Brighton,Norwich,0,0,D,0,0.896551724137931,1.2413793103448276,0.2413793103448276,0.6206896551724138,2.1724137931034484,0.13793103448275862
2022-04-02,Burnley,Man City,0,2,A,0,0.8148148148148148,1.4074074074074074,0.1111111111111111,2.3448275862068964,0.6206896551724138,0.7586206896551724
2022-04-02,Chelsea,Brentford,1,4,A,0,2.0357142857142856,0.6785714285714286,0.6071428571428571,1.1,1.5666666666666667,0.26666666666666666
2022-04-02,Leeds,Southampton,1,1,D,0,1.1333333333333333,2.2333333333333334,0.23333333333333334,1.2413793103448276,1.5517241379310345,0.27586206896551724
2022-04-02,Wolves,Aston Villa,2,1,H,1,1.0333333333333334,0.8666666666666667,0.4666666666666667,1.4137931034482758,1.3793103448275863,0.3793103448275862
2022-04-02,Man United,Leicester,1,1,D,0,1.6551724137931034,1.3793103448275863,0.4827586206896552,1.5555555555555556,1.7037037037037037,0.37037037037037035
2022-04-03,West Ham,Everton,2,1,H,1,1.6333333333333333,1.3,0.4666666666666667,1.0740740740740742,1.7407407407407407,0.25925925925925924
2022-04-03,Tottenham,Newcastle,5,1,H,1,1.6206896551724137,1.2413793103448276,0.5517241379310345,1.103448275862069,1.6896551724137931,0.2413793103448276
2022-04-04,Crystal Palace,Arsenal,3,0,H,1,1.3448275862068966,1.3103448275862069,0.2413793103448276,1.5714285714285714,1.1071428571428572,0.6071428571428571
2022-04-06,Burnley,Everton,3,2,H,1,0.7857142857142857,1.4285714285714286,0.10714285714285714,1.0714285714285714,1.75,0.25
2022-04-08,Newcastle,Wolves,1,0,H,1,1.1,1.8,0.23333333333333334,1.064516129032258,0.8709677419354839,0.4838709677419355
2022-04-09,Everton,Man United,1,0,H,1,1.103448275862069,1.793103448275862,0.2413793103448276,1.6333333333333333,1.3666666666666667,0.4666666666666667
2022-04-09,Arsenal,Brighton,1,2,A,0,1.5172413793103448,1.1724137931034482,0.5862068965517241,0.8666666666666667,1.2,0.23333333333333334
2022-04-09,Southampton,Chelsea,0,6,A,0,1.2333333333333334,1.5333333333333334,0.26666666666666666,2.0,0.7931034482758621,0.5862068965517241
2022-04-09,Watford,Leeds,0,3,A,0,0.9666666666666667,1.9,0.2,1.1290322580645162,2.193548387096774,0.22580645161290322
2022-04-09,Aston Villa,Tottenham,0,4,A,0,1.4,1.4,0.36666666666666664,1.7333333333333334,1.2333333333333334,0.5666666666666667
2022-04-10,Brentford,West Ham,2,0,H,1,1.1935483870967742,1.5483870967741935,0.2903225806451613,1.6451612903225807,1.2903225806451613,0.4838709677419355
2022-04-10,Leicester,Crystal Palace,2,1,H,1,1.5357142857142858,1.6785714285714286,0.35714285714285715,1.4,1.2666666666666666,0.26666666666666666
2022-04-10,Norwich,Burnley,2,0,H,1,0.6,2.1,0.13333333333333333,0.8620689655172413,1.4482758620689655,0.13793103448275862
2022-04-10,Man City,Liverpool,2,2,D,0,2.3333333333333335,0.6,0.7666666666666667,2.566666666666667,0.6666666666666666,0.7333333333333333
2022-04-16,Tottenham,Brighton,0,1,A,0,1.8064516129032258,1.1935483870967742,0.5806451612903226,0.9032258064516129,1.1935483870967742,0.25806451612903225
2022-04-16,Man United,Norwich,3,2,H,1,1.5806451612903225,1.3548387096774193,0.45161290322580644,0.6451612903225806,2.032258064516129,0.16129032258064516
2022-04-16,Southampton,Arsenal,1,0,H,1,1.1935483870967742,1.6774193548387097,0.25806451612903225,1.5,1.2,0.5666666666666667
2022-04-16,Watford,Brentford,1,2,A,0,0.9354838709677419,1.935483870967742,0.1935483870967742,1.21875,1.5,0.3125
2022-04-17,Newcastle,Leicester,2,1,H,1,1.096774193548387,1.7419354838709677,0.25806451612903225,1.5517241379310345,1.6551724137931034,0.3793103448275862
2022-04-17,West Ham,Burnley,1,1,D,0,1.59375,1.3125,0.46875,0.8333333333333334,1.4666666666666666,0.13333333333333333
2022-04-19,Liverpool,Man United,4,0,H,1,2.5483870967741935,0.7096774193548387,0.7096774193548387,1.625,1.375,0.46875
2022-04-20,Chelsea,Arsenal,2,4,A,0,2.1333333333333333,0.7666666666666667,0.6,1.4516129032258065,1.1935483870967742,0.5483870967741935
2022-04-20,Everton,Leicester,1,1,D,0,1.1,1.7333333333333334,0.26666666666666666,1.5333333333333334,1.6666666666666667,0.36666666666666664
2022-04-20,Newcastle,Crystal Palace,1,0,H,1,1.125,1.71875,0.28125,1.3870967741935485,1.2903225806451613,0.25806451612903225
2022-04-20,Man City,Brighton,3,0,H,1,2.3225806451612905,0.6451612903225806,0.7419354838709677,0.90625,1.15625,0.28125
2022-04-21,Burnley,Southampton,2,0,H,1,0.8387096774193549,1.4516129032258065,0.12903225806451613,1.1875,1.625,0.28125
2022-04-23,Arsenal,Man United,3,1,H,1,1.53125,1.21875,0.5625,1.5757575757575757,1.4545454545454546,0.45454545454545453
2022-04-23,Leicester,Aston Villa,0,0,D,0,1.5161290322580645,1.6451612903225807,0.3548387096774194,1.3548387096774193,1.4838709677419355,0.3548387096774194
2022-04-23,Man City,Watford,5,1,H,1,2.34375,0.625,0.75,0.9375,1.9375,0.1875
2022-04-23,Norwich,Newcastle,0,3,A,0,0.6875,2.0625,0.15625,1.121212121212121,1.6666666666666667,0.30303030303030304
2022-04-23,Brentford,Tottenham,0,0,D,0,1.2424242424242424,1.4848484848484849,0.3333333333333333,1.75,1.1875,0.5625
2022-04-24,Brighton,Southampton,2,2,D,0,0.8787878787878788,1.2121212121212122,0.2727272727272727,1.1515151515151516,1.6363636363636365,0.2727272727272727
2022-04-24,Burnley,Wolves,1,0,H,1,0.875,1.40625,0.15625,1.03125,0.875,0.46875
2022-04-24,Chelsea,West Ham,1,0,H,1,2.129032258064516,0.8709677419354839,0.5806451612903226,1.5757575757575757,1.303030303030303,0.45454545454545453
2022-04-24,Liverpool,Everton,2,0,H,1,2.59375,0.6875,0.71875,1.096774193548387,1.7096774193548387,0.25806451612903225
2022-04-25,Crystal Palace,Leeds,0,0,D,0,1.34375,1.28125,0.25,1.1875,2.125,0.25
2022-04-28,Man United,Chelsea,1,1,D,0,1.5588235294117647,1.5,0.4411764705882353,2.09375,0.84375,0.59375
2022-04-30,Newcastle,Liverpool,0,1,A,0,1.1764705882352942,1.6176470588235294,0.3235294117647059,2.5757575757575757,0.6666666666666666,0.7272727272727273
2022-04-30,Aston Villa,Norwich,2,0,H,1,1.3125,1.4375,0.34375,0.6666666666666666,2.090909090909091,0.15151515151515152
2022-04-30,Southampton,Crystal Palace,1,2,A,0,1.1764705882352942,1.6470588235294117,0.2647058823529412,1.303030303030303,1.2424242424242424,0.24242424242424243
2022-04-30,Watford,Burnley,1,2,A,0,0.9393939393939394,2.0303030303030303,0.18181818181818182,0.8787878787878788,1.3636363636363635,0.18181818181818182
2022-04-30,Wolves,Brighton,0,3,A,0,1.0,0.8787878787878788,0.45454545454545453,0.9117647058823529,1.2352941176470589,0.2647058823529412
2022-04-30,Leeds,Man City,0,4,A,0,1.1515151515151516,2.0606060606060606,0.24242424242424243,2.4242424242424243,0.6363636363636364,0.7575757575757576
2022-05-01,Everton,Chelsea,1,0,H,1,1.0625,1.71875,0.25,2.0606060606060606,0.8484848484848485,0.5757575757575758
2022-05-01,Tottenham,Leicester,3,1,H,1,1.696969696969697,1.1515151515151516,0.5454545454545454,1.46875,1.59375,0.34375
2022-05-01,West Ham,Arsenal,1,2,A,0,1.5294117647058822,1.2941176470588236,0.4411764705882353,1.5757575757575757,1.2121212121212122,0.5757575757575758
2022-05-02,Man United,Brentford,3,0,H,1,1.542857142857143,1.4857142857142858,0.42857142857142855,1.2058823529411764,1.4411764705882353,0.3235294117647059
2022-05-07,Brentford,Southampton,3,0,H,1,1.1714285714285715,1.4857142857142858,0.3142857142857143,1.1714285714285715,1.6571428571428573,0.2571428571428571
2022-05-07,Burnley,Aston Villa,1,3,A,0,0.9117647058823529,1.3529411764705883,0.20588235294117646,1.3333333333333333,1.393939393939394,0.36363636363636365
2022-05-07,Chelsea,Wolves,2,2,D,0,2.0,0.8529411764705882,0.5588235294117647,0.9705882352941176,0.9411764705882353,0.4411764705882353
2022-05-07,Crystal Palace,Watford,1,0,H,1,1.3235294117647058,1.2352941176470589,0.2647058823529412,0.9411764705882353,2.0294117647058822,0.17647058823529413
2022-05-07,Brighton,Man United,4,0,H,1,0.9714285714285714,1.2,0.2857142857142857,1.5833333333333333,1.4444444444444444,0.4444444444444444
2022-05-07,Liverpool,Tottenham,1,1,D,0,2.5294117647058822,0.6470588235294118,0.7352941176470589,1.7352941176470589,1.1470588235294117,0.5588235294117647
2022-05-08,Arsenal,Leeds,2,1,H,1,1.588235294117647,1.2058823529411764,0.5882352941176471,1.1176470588235294,2.1176470588235294,0.23529411764705882
2022-05-08,Leicester,Everton,1,2,A,0,1.4545454545454546,1.6363636363636365,0.3333333333333333,1.0606060606060606,1.6666666666666667,0.2727272727272727
2022-05-08,Norwich,West Ham,0,4,A,0,0.6470588235294118,2.088235294117647,0.14705882352941177,1.5142857142857142,1.3142857142857143,0.42857142857142855
2022-05-08,Man City,Newcastle,5,0,H,1,2.4705882352941178,0.6176470588235294,0.7647058823529411,1.1428571428571428,1.6,0.3142857142857143
2022-05-10,Aston Villa,Liverpool,1,2,A,0,1.3823529411764706,1.3823529411764706,0.38235294117647056,2.4857142857142858,0.6571428571428571,0.7142857142857143
2022-05-11,Leeds,Chelsea,0,3,A,0,1.1142857142857143,2.1142857142857143,0.22857142857142856,2.0,0.8857142857142857,0.5428571428571428
2022-05-11,Leicester,Norwich,3,0,H,1,1.4411764705882353,1.6470588235294117,0.3235294117647059,0.6285714285714286,2.142857142857143,0.14285714285714285
2022-05-11,Watford,Everton,0,0,D,0,0.9142857142857143,2.0,0.17142857142857143,1.088235294117647,1.6470588235294117,0.29411764705882354
2022-05-11,Wolves,Man City,1,5,A,0,1.0,0.9714285714285714,0.42857142857142855,2.5428571428571427,0.6,0.7714285714285715
2022-05-12,Tottenham,Arsenal,3,0,H,1,1.7142857142857142,1.1428571428571428,0.5428571428571428,1.6,1.2,0.6
2022-05-15,Tottenham,Burnley,1,0,H,1,1.75,1.1111111111111112,0.5555555555555556,0.9142857142857143,1.4,0.2
2022-05-15,Aston Villa,Crystal Palace,1,1,D,0,1.3714285714285714,1.4,0.37142857142857144,1.3142857142857143,1.2,0.2857142857142857
2022-05-15,Leeds,Brighton,1,1,D,0,1.0833333333333333,2.138888888888889,0.2222222222222222,1.0555555555555556,1.1666666666666667,0.3055555555555556
2022-05-15,Watford,Leicester,1,5,A,0,0.8888888888888888,1.9444444444444444,0.16666666666666666,1.4857142857142858,1.6,0.34285714285714286
2022-05-15,West Ham,Man City,2,2,D,0,1.5833333333333333,1.2777777777777777,0.4444444444444444,2.611111111111111,0.6111111111111112,0.7777777777777778
2022-05-15,Wolves,Norwich,1,1,D,0,1.0,1.0833333333333333,0.4166666666666667,0.6111111111111112,2.1666666666666665,0.1388888888888889
2022-05-15,Everton,Brentford,2,3,A,0,1.0571428571428572,1.6,0.2857142857142857,1.2222222222222223,1.4444444444444444,0.3333333333333333
2022-05-16,Newcastle,Arsenal,2,0,H,1,1.1111111111111112,1.6944444444444444,0.3055555555555556,1.5555555555555556,1.25,0.5833333333333334
2022-05-17,Southampton,Liverpool,1,2,A,0,1.1388888888888888,1.6944444444444444,0.25,2.4722222222222223,0.6666666666666666,0.7222222222222222
2022-05-19,Everton,Crystal Palace,3,2,H,1,1.0833333333333333,1.6388888888888888,0.2777777777777778,1.3055555555555556,1.1944444444444444,0.2777777777777778
2022-05-19,Aston Villa,Burnley,1,1,D,0,1.3611111111111112,1.3888888888888888,0.3611111111111111,0.8888888888888888,1.3888888888888888,0.19444444444444445
2022-05-19,Chelsea,Leicester,1,1,D,0,2.0277777777777777,0.8611111111111112,0.5555555555555556,1.5833333333333333,1.5833333333333333,0.3611111111111111
2022-05-22,Arsenal,Everton,5,1,H,1,1.5135135135135136,1.2702702702702702,0.5675675675675675,1.135135135135135,1.6486486486486487,0.2972972972972973
2022-05-22,Brentford,Leeds,1,2,A,0,1.2702702702702702,1.4594594594594594,0.35135135135135137,1.0810810810810811,2.108108108108108,0.21621621621621623
2022-05-22,Brighton,West Ham,3,1,H,1,1.054054054054054,1.162162162162162,0.2972972972972973,1.5945945945945945,1.2972972972972974,0.43243243243243246
2022-05-22,Burnley,Newcastle,1,2,A,0,0.8918918918918919,1.3783783783783783,0.1891891891891892,1.135135135135135,1.6486486486486487,0.32432432432432434
2022-05-22,Chelsea,Watford,2,1,H,1,2.0,0.8648648648648649,0.5405405405405406,0.8918918918918919,2.027027027027027,0.16216216216216217
2022-05-22,Crystal Palace,Man United,1,0,H,1,1.3243243243243243,1.2432432432432432,0.2702702702702703,1.5405405405405406,1.5135135135135136,0.43243243243243246
2022-05-22,Leicester,Southampton,4,1,H,1,1.5675675675675675,1.5675675675675675,0.35135135135135137,1.135135135135135,1.7027027027027026,0.24324324324324326
2022-05-22,Liverpool,Wolves,3,1,H,1,2.4594594594594597,0.6756756756756757,0.7297297297297297,1.0,1.0810810810810811,0.40540540540540543
2022-05-22,Man City,Aston Villa,3,2,H,1,2.5945945945945947,0.6486486486486487,0.7567567567567568,1.3513513513513513,1.3783783783783783,0.35135135135135137
2022-05-22,Norwich,Tottenham,0,5,A,0,0.6216216216216216,2.135135135135135,0.13513513513513514,1.7297297297297298,1.0810810810810811,0.5675675675675675
2023-08-11,Burnley,Man City,0,3,A,0,0.8947368421052632,1.394736842105263,0.18421052631578946,2.539473684210526,0.7763157894736842,0.75
2023-08-12,Arsenal,Nott'm Forest,2,1,H,1,1.9605263157894737,1.1973684210526316,0.631578947368421,1.0,1.7894736842105263,0.23684210526315788
2023-08-12,Bournemouth,West Ham,1,1,D,0,0.9736842105263158,1.868421052631579,0.2894736842105263,1.3421052631578947,1.394736842105263,0.35526315789473684
2023-08-12,Brighton,Luton,4,1,H,1,1.5,1.2763157894736843,0.39473684210526316,,,
2023-08-12,Everton,Fulham,0,1,A,0,1.013157894736842,1.618421052631579,0.25,1.4473684210526316,1.394736842105263,0.39473684210526316
2023-08-12,Sheffield United,Crystal Palace,0,1,A,0,,,,1.1842105263157894,1.25,0.2894736842105263
2023-08-12,Newcastle,Aston Villa,5,1,H,1,1.4736842105263157,1.25,0.42105263157894735,1.355263157894737,1.3157894736842106,0.40789473684210525
2023-08-13,Brentford,Tottenham,2,2,D,0,1.394736842105263,1.3421052631578947,0.3684210526315789,1.8289473684210527,1.355263157894737,0.5263157894736842
2023-08-13,Chelsea,Liverpool,1,1,D,0,1.5,1.0526315789473684,0.42105263157894735,2.223684210526316,0.9605263157894737,0.618421052631579
2023-08-14,Man United,Wolves,1,0,H,1,1.513157894736842,1.3157894736842106,0.5131578947368421,0.9078947368421053,1.3289473684210527,0.34210526315789475
2023-08-18,Nott'm Forest,Sheffield United,2,1,H,1,1.0,1.794871794871795,0.23076923076923078,0.0,1.0,0.0
2023-08-19,Fulham,Brentford,0,3,A,0,1.435897435897436,1.358974358974359,0.41025641025641024,1.4025974025974026,1.3506493506493507,0.36363636363636365
2023-08-19,Liverpool,Bournemouth,3,1,H,1,2.207792207792208,0.961038961038961,0.6103896103896104,0.9743589743589743,1.8461538461538463,0.28205128205128205
2023-08-19,Wolves,Brighton,1,4,A,0,0.8961038961038961,1.3246753246753247,0.33766233766233766,1.5324675324675325,1.2727272727272727,0.4025974025974026
2023-08-19,Tottenham,Man United,2,0,H,1,1.8311688311688312,1.3636363636363635,0.5194805194805194,1.5064935064935066,1.2987012987012987,0.5194805194805194
2023-08-19,Man City,Newcastle,1,0,H,1,2.5454545454545454,0.7662337662337663,0.7532467532467533,1.5194805194805194,1.2467532467532467,0.42857142857142855
2023-08-20,Aston Villa,Everton,4,0,H,1,1.3506493506493507,1.3636363636363635,0.4025974025974026,1.0,1.6103896103896105,0.24675324675324675
2023-08-20,West Ham,Chelsea,3,1,H,1,1.3376623376623376,1.3896103896103895,0.35064935064935066,1.4935064935064934,1.051948051948052,0.4155844155844156
2023-08-21,Crystal Palace,Arsenal,0,1,A,0,1.1818181818181819,1.2337662337662338,0.2987012987012987,1.9610389610389611,1.1948051948051948,0.6363636363636364
2023-08-25,Chelsea,Luton,3,0,H,1,1.4871794871794872,1.0769230769230769,0.41025641025641024,1.0,4.0,0.0
2023-08-26,Bournemouth,Tottenham,0,2,A,0,0.975,1.875,0.275,1.8333333333333333,1.3461538461538463,0.5256410256410257
2023-08-26,Arsenal,Fulham,2,2,D,0,1.9487179487179487,1.1794871794871795,0.6410256410256411,1.4,1.4,0.4
2023-08-26,Brentford,Crystal Palace,1,1,D,0,1.4230769230769231,1.3333333333333333,0.3717948717948718,1.1666666666666667,1.2307692307692308,0.2948717948717949
2023-08-26,Everton,Wolves,0,1,A,0,0.9871794871794872,1.641025641025641,0.24358974358974358,0.8974358974358975,1.358974358974359,0.3333333333333333
2023-08-26,Man United,Nott'm Forest,3,2,H,1,1.4871794871794872,1.3076923076923077,0.5128205128205128,1.025,1.775,0.25
2023-08-26,Brighton,West Ham,1,3,A,0,1.564102564102564,1.2692307692307692,0.41025641025641024,1.358974358974359,1.3846153846153846,0.358974358974359
2023-08-27,Burnley,Aston Villa,1,3,A,0,0.8717948717948718,1.435897435897436,0.1794871794871795,1.3846153846153846,1.3461538461538463,0.41025641025641024
2023-08-27,Sheffield United,Man City,1,2,A,0,0.5,1.5,0.0,2.5256410256410255,0.7564102564102564,0.7564102564102564
2023-08-27,Newcastle,Liverpool,1,2,A,0,1.5,1.2435897435897436,0.4230769230769231,2.217948717948718,0.9615384615384616,0.6153846153846154
2023-09-01,Luton,West Ham,1,2,A,0,0.5,3.5,0.0,1.379746835443038,1.379746835443038,0.3670886075949367
2023-09-02,Sheffield United,Everton,2,2,D,0,0.6666666666666666,1.6666666666666667,0.0,0.9746835443037974,1.6329113924050633,0.24050632911392406
2023-09-02,Brentford,Bournemouth,2,2,D,0,1.4177215189873418,1.3291139240506329,0.3670886075949367,0.9512195121951219,1.8780487804878048,0.2682926829268293
2023-09-02,Burnley,Tottenham,2,5,A,0,0.875,1.475,0.175,1.8354430379746836,1.3291139240506329,0.5316455696202531
2023-09-02,Chelsea,Nott'm Forest,0,1,A,0,1.5063291139240507,1.0632911392405062,0.4177215189873418,1.048780487804878,1.8048780487804879,0.24390243902439024
2023-09-02,Man City,Fulham,5,1,H,1,2.518987341772152,0.759493670886076,0.759493670886076,1.4146341463414633,1.4146341463414633,0.3902439024390244
2023-09-02,Brighton,Newcastle,3,1,H,1,1.5569620253164558,1.2911392405063291,0.4050632911392405,1.4936708860759493,1.2531645569620253,0.4177215189873418
2023-09-03,Crystal Palace,Wolves,3,2,H,1,1.1645569620253164,1.2278481012658229,0.2911392405063291,0.8987341772151899,1.3417721518987342,0.34177215189873417
2023-09-03,Liverpool,Aston Villa,3,0,H,1,2.2151898734177213,0.9620253164556962,0.620253164556962,1.4050632911392404,1.3417721518987342,0.4177215189873418
2023-09-03,Arsenal,Man United,3,1,H,1,1.9493670886075949,1.1898734177215189,0.6329113924050633,1.5063291139240507,1.3164556962025316,0.5189873417721519
2023-09-16,Wolves,Liverpool,1,3,A,0,0.9125,1.3625,0.3375,2.225,0.95,0.625
2023-09-16,Aston Villa,Crystal Palace,3,1,H,1,1.3875,1.3625,0.4125,1.1875,1.2375,0.3
2023-09-16,Fulham,Luton,1,0,H,1,1.4047619047619047,1.5,0.38095238095238093,0.6666666666666666,3.0,0.0
2023-09-16,Man United,Brighton,1,3,A,0,1.5,1.3375,0.5125,1.575,1.2875,0.4125
2023-09-16,Tottenham,Sheffield United,2,1,H,1,1.875,1.3375,0.5375,1.0,1.75,0.0
2023-09-16,West Ham,Man City,1,3,A,0,1.3875,1.375,0.375,2.55,0.7625,0.7625
2023-09-16,Newcastle,Brentford,1,0,H,1,1.4875,1.275,0.4125,1.425,1.3375,0.3625
2023-09-17,Bournemouth,Chelsea,0,0,D,0,0.9761904761904762,1.880952380952381,0.2619047619047619,1.4875,1.0625,0.4125
2023-09-17,Everton,Arsenal,0,1,A,0,0.9875,1.6375,0.2375,1.9625,1.1875,0.6375
2023-09-18,Nott'm Forest,Burnley,1,1,D,0,1.0476190476190477,1.7619047619047619,0.2619047619047619,0.9024390243902439,1.5609756097560976,0.17073170731707318
2023-09-23,Crystal Palace,Fulham,0,0,D,0,1.1851851851851851,1.2592592592592593,0.2962962962962963,1.3953488372093024,1.4651162790697674,0.3953488372093023
2023-09-23,Luton,Wolves,1,1,D,0,0.5,2.5,0.0,0.9135802469135802,1.382716049382716,0.3333333333333333
2023-09-23,Man City,Nott'm Forest,2,0,H,1,2.5555555555555554,0.7654320987654321,0.7654320987654321,1.0465116279069768,1.744186046511628,0.2558139534883721
2023-09-23,Brentford,Everton,1,3,A,0,1.4074074074074074,1.3333333333333333,0.35802469135802467,0.9753086419753086,1.6296296296296295,0.2345679012345679
2023-09-23,Burnley,Man United,0,1,A,0,0.9047619047619048,1.5476190476190477,0.16666666666666666,1.4938271604938271,1.3580246913580247,0.5061728395061729
2023-09-24,Arsenal,Tottenham,2,2,D,0,1.9506172839506173,1.1728395061728396,0.6419753086419753,1.876543209876543,1.3333333333333333,0.5432098765432098
2023-09-24,Brighton,Bournemouth,3,1,H,1,1.5925925925925926,1.2839506172839505,0.41975308641975306,0.9534883720930233,1.8372093023255813,0.2558139534883721
2023-09-24,Chelsea,Aston Villa,0,1,A,0,1.4691358024691359,1.0493827160493827,0.4074074074074074,1.4074074074074074,1.3580246913580247,0.41975308641975306
2023-09-24,Liverpool,West Ham,3,1,H,1,2.234567901234568,0.9506172839506173,0.6296296296296297,1.382716049382716,1.3950617283950617,0.37037037037037035
2023-09-24,Sheffield United,Newcastle,0,8,A,0,1.0,1.8,0.0,1.4814814814814814,1.2592592592592593,0.41975308641975306
2023-09-30,Aston Villa,Brighton,6,1,H,1,1.4024390243902438,1.3414634146341464,0.4268292682926829,1.6097560975609757,1.2804878048780488,0.4268292682926829
2023-09-30,Bournemouth,Arsenal,0,4,A,0,0.9545454545454546,1.8636363636363635,0.25,1.951219512195122,1.1829268292682926,0.6341463414634146
2023-09-30,Everton,Luton,1,2,A,0,1.0,1.6219512195121952,0.24390243902439024,0.6,2.2,0.0
2023-09-30,Man United,Crystal Palace,0,1,A,0,1.4878048780487805,1.3414634146341464,0.5121951219512195,1.170731707317073,1.2439024390243902,0.2926829268292683
2023-09-30,Newcastle,Burnley,2,0,H,1,1.5609756097560976,1.2439024390243902,0.4268292682926829,0.8837209302325582,1.5348837209302326,0.16279069767441862
2023-09-30,West Ham,Sheffield United,2,0,H,1,1.3780487804878048,1.4146341463414633,0.36585365853658536,0.8333333333333334,2.8333333333333335,0.0
2023-09-30,Wolves,Man City,2,1,H,1,0.9146341463414634,1.3780487804878048,0.32926829268292684,2.548780487804878,0.7560975609756098,0.7682926829268293
2023-09-30,Tottenham,Liverpool,2,1,H,1,1.8780487804878048,1.3414634146341464,0.5365853658536586,2.2439024390243905,0.9512195121951219,0.6341463414634146
2023-10-01,Nott'm Forest,Brentford,1,1,D,0,1.0227272727272727,1.75,0.25,1.4024390243902438,1.353658536585366,0.35365853658536583
2023-10-02,Fulham,Chelsea,0,2,A,0,1.3636363636363635,1.4318181818181819,0.38636363636363635,1.451219512195122,1.048780487804878,0.4024390243902439
2023-10-03,Luton,Burnley,1,2,A,0,0.8333333333333334,2.0,0.16666666666666666,0.8636363636363636,1.5454545454545454,0.1590909090909091
2023-10-07,Luton,Tottenham,0,1,A,0,0.8571428571428571,2.0,0.14285714285714285,1.8795180722891567,1.3373493975903614,0.5421686746987951
2023-10-07,Burnley,Chelsea,1,4,A,0,0.8888888888888888,1.5333333333333334,0.17777777777777778,1.4578313253012047,1.036144578313253,0.40963855421686746
2023-10-07,Everton,Bournemouth,3,0,H,1,1.0,1.6265060240963856,0.24096385542168675,0.9333333333333333,1.9111111111111112,0.24444444444444444
2023-10-07,Fulham,Sheffield United,3,1,H,1,1.3333333333333333,1.4444444444444444,0.37777777777777777,0.7142857142857143,2.7142857142857144,0.0
2023-10-07,Man United,Brentford,2,1,H,1,1.4698795180722892,1.3373493975903614,0.5060240963855421,1.3975903614457832,1.3493975903614457,0.3493975903614458
2023-10-07,Crystal Palace,Nott'm Forest,0,0,D,0,1.1686746987951808,1.2289156626506024,0.30120481927710846,1.0222222222222221,1.7333333333333334,0.24444444444444444
2023-10-08,Brighton,Liverpool,2,2,D,0,1.6024096385542168,1.3373493975903614,0.42168674698795183,2.2289156626506026,0.963855421686747,0.6265060240963856
2023-10-08,West Ham,Newcastle,2,2,D,0,1.3855421686746987,1.3975903614457832,0.37349397590361444,1.5662650602409638,1.2289156626506024,0.43373493975903615
2023-10-08,Wolves,Aston Villa,1,1,D,0,0.927710843373494,1.3734939759036144,0.3373493975903614,1.4578313253012047,1.3373493975903614,0.43373493975903615
2023-10-08,Arsenal,Man City,1,0,H,1,1.9759036144578312,1.1686746987951808,0.6385542168674698,2.5301204819277108,0.7710843373493976,0.7590361445783133
2023-10-21,Liverpool,Everton,2,0,H,1,2.2261904761904763,0.9761904761904762,0.6190476190476191,1.0238095238095237,1.6071428571428572,0.25
2023-10-21,Bournemouth,Wolves,1,2,A,0,0.9130434782608695,1.934782608695652,0.2391304347826087,0.9285714285714286,1.369047619047619,0.3333333333333333
2023-10-21,Brentford,Burnley,3,0,H,1,1.3928571428571428,1.3571428571428572,0.34523809523809523,0.8913043478260869,1.5869565217391304,0.17391304347826086
2023-10-21,Man City,Brighton,2,1,H,1,2.5,0.7738095238095238,0.75,1.6071428571428572,1.3452380952380953,0.4166666666666667
2023-10-21,Newcastle,Crystal Palace,4,0,H,1,1.5714285714285714,1.2380952380952381,0.42857142857142855,1.1547619047619047,1.2142857142857142,0.2976190476190476
2023-10-21,Nott'm Forest,Luton,2,2,D,0,1.0,1.6956521739130435,0.2391304347826087,0.75,1.875,0.125
2023-10-21,Chelsea,Arsenal,2,2,D,0,1.4880952380952381,1.0357142857142858,0.4166666666666667,1.9642857142857142,1.1547619047619047,0.6428571428571429
2023-10-21,Sheffield United,Man United,1,2,A,0,0.75,2.75,0.0,1.4761904761904763,1.3333333333333333,0.5119047619047619
2023-10-22,Aston Villa,West Ham,4,1,H,1,1.4523809523809523,1.3333333333333333,0.42857142857142855,1.3928571428571428,1.4047619047619047,0.36904761904761907
2023-10-23,Tottenham,Fulham,2,0,H,1,1.869047619047619,1.3214285714285714,0.5476190476190477,1.3695652173913044,1.434782608695652,0.391304347826087
2023-10-27,Crystal Palace,Tottenham,1,2,A,0,1.1411764705882352,1.2470588235294118,0.29411764705882354,1.8705882352941177,1.3058823529411765,0.5529411764705883
2023-10-28,Chelsea,Brentford,0,2,A,0,1.4941176470588236,1.0470588235294118,0.4117647058823529,1.411764705882353,1.3411764705882352,0.35294117647058826
2023-10-28,Arsenal,Sheffield United,5,0,H,1,1.964705882352941,1.1647058823529413,0.6352941176470588,0.7777777777777778,2.6666666666666665,0.0
2023-10-28,Bournemouth,Burnley,2,1,H,1,0.9148936170212766,1.9361702127659575,0.23404255319148937,0.8723404255319149,1.6170212765957446,0.1702127659574468
2023-10-28,Wolves,Newcastle,2,2,D,0,0.9411764705882353,1.3647058823529412,0.3411764705882353,1.6,1.223529411764706,0.43529411764705883
2023-10-29,West Ham,Everton,0,1,A,0,1.388235294117647,1.4352941176470588,0.36470588235294116,1.011764705882353,1.611764705882353,0.24705882352941178
2023-10-29,Aston Villa,Luton,3,1,H,1,1.4823529411764707,1.3294117647058823,0.43529411764705883,0.8888888888888888,1.8888888888888888,0.1111111111111111
2023-10-29,Brighton,Fulham,1,1,D,0,1.6,1.3529411764705883,0.4117647058823529,1.3404255319148937,1.446808510638298,0.3829787234042553
2023-10-29,Liverpool,Nott'm Forest,3,0,H,1,2.223529411764706,0.9647058823529412,0.6235294117647059,1.0212765957446808,1.702127659574468,0.23404255319148937
2023-10-29,Man United,Man City,0,3,A,0,1.4823529411764707,1.3294117647058823,0.5176470588235295,2.4941176470588236,0.7764705882352941,0.7529411764705882
2023-11-04,Fulham,Man United,0,1,A,0,1.3333333333333333,1.4375,0.375,1.4651162790697674,1.3488372093023255,0.5116279069767442
2023-11-04,Brentford,West Ham,3,2,H,1,1.4186046511627908,1.3255813953488371,0.36046511627906974,1.372093023255814,1.430232558139535,0.36046511627906974
2023-11-04,Burnley,Crystal Palace,0,2,A,0,0.875,1.625,0.16666666666666666,1.1395348837209303,1.255813953488372,0.29069767441860467
2023-11-04,Everton,Brighton,1,1,D,0,1.0116279069767442,1.5930232558139534,0.2558139534883721,1.5930232558139534,1.3488372093023255,0.4069767441860465
2023-11-04,Man City,Bournemouth,6,1,H,1,2.5,0.7674418604651163,0.7558139534883721,0.9375,1.9166666666666667,0.25
2023-11-04,Sheffield United,Wolves,2,1,H,1,0.7,2.9,0.0,0.9534883720930233,1.372093023255814,0.3372093023255814
2023-11-04,Newcastle,Arsenal,1,0,H,1,1.6046511627906976,1.2325581395348837,0.43023255813953487,2.0,1.1511627906976745,0.6395348837209303
2023-11-05,Nott'm Forest,Aston Villa,2,0,H,1,1.0,1.7291666666666667,0.22916666666666666,1.5,1.3255813953488371,0.4418604651162791
2023-11-05,Luton,Liverpool,1,1,D,0,0.9,2.0,0.1,2.2325581395348837,0.9534883720930233,0.627906976744186
2023-11-06,Tottenham,Chelsea,1,4,A,0,1.872093023255814,1.302325581395349,0.5581395348837209,1.4767441860465116,1.058139534883721,0.4069767441860465
2023-11-11,Wolves,Tottenham,2,1,H,1,0.9540229885057471,1.3793103448275863,0.3333333333333333,1.8620689655172413,1.3333333333333333,0.5517241379310345
2023-11-11,Arsenal,Burnley,3,1,H,1,1.9770114942528736,1.1494252873563218,0.632183908045977,0.8571428571428571,1.6326530612244898,0.16326530612244897
2023-11-11,Crystal Palace,Everton,2,3,A,0,1.1494252873563218,1.2413793103448276,0.2988505747126437,1.0114942528735633,1.5862068965517242,0.25287356321839083
2023-11-11,Man United,Luton,1,0,H,1,1.4597701149425288,1.3333333333333333,0.5172413793103449,0.9090909090909091,1.9090909090909092,0.09090909090909091
2023-11-11,Bournemouth,Newcastle,2,0,H,1,0.9387755102040817,2.0,0.24489795918367346,1.5977011494252873,1.2183908045977012,0.4367816091954023
2023-11-12,Aston Villa,Fulham,3,1,H,1,1.4827586206896552,1.3333333333333333,0.4367816091954023,1.3061224489795917,1.4285714285714286,0.3673469387755102
2023-11-12,Brighton,Sheffield United,1,1,D,0,1.5862068965517242,1.3448275862068966,0.40229885057471265,0.8181818181818182,2.727272727272727,0.09090909090909091
2023-11-12,Liverpool,Brentford,3,0,H,1,2.218390804597701,0.9540229885057471,0.6206896551724138,1.4367816091954022,1.3333333333333333,0.367816091954023
2023-11-12,West Ham,Nott'm Forest,3,2,H,1,1.3793103448275863,1.4482758620689655,0.3563218390804598,1.0204081632653061,1.6938775510204083,0.24489795918367346
2023-11-12,Chelsea,Man City,4,4,D,0,1.5057471264367817,1.0574712643678161,0.41379310344827586,2.5402298850574714,0.7701149425287356,0.7586206896551724
2023-11-25,Man City,Liverpool,1,1,D,0,2.5568181818181817,0.8068181818181818,0.75,2.227272727272727,0.9431818181818182,0.625
2023-11-25,Burnley,West Ham,1,2,A,0,0.86,1.66,0.16,1.3977272727272727,1.4545454545454546,0.36363636363636365
2023-11-25,Luton,Crystal Palace,2,1,H,1,0.8333333333333334,1.8333333333333333,0.08333333333333333,1.1590909090909092,1.2613636363636365,0.29545454545454547
2023-11-25,Newcastle,Chelsea,4,1,H,1,1.5795454545454546,1.2272727272727273,0.4318181818181818,1.5340909090909092,1.0909090909090908,0.4090909090909091
2023-11-25,Nott'm Forest,Brighton,2,3,A,0,1.04,1.72,0.24,1.5795454545454546,1.3409090909090908,0.3977272727272727
2023-11-25,Sheffield United,Bournemouth,1,3,A,0,0.8333333333333334,2.5833333333333335,0.08333333333333333,0.96,1.96,0.26
2023-11-25,Brentford,Arsenal,0,1,A,0,1.4204545454545454,1.3522727272727273,0.36363636363636365,1.9886363636363635,1.1477272727272727,0.6363636363636364
2023-11-26,Tottenham,Aston Villa,1,2,A,0,1.8522727272727273,1.3409090909090908,0.5454545454545454,1.5,1.3295454545454546,0.4431818181818182
2023-11-26,Everton,Man United,0,3,A,0,1.0340909090909092,1.5909090909090908,0.26136363636363635,1.4545454545454546,1.3181818181818181,0.5227272727272727
2023-11-27,Fulham,Wolves,3,2,H,1,1.3,1.46,0.36,0.9659090909090909,1.375,0.3409090909090909
2023-12-02,Arsenal,Wolves,2,1,H,1,1.9775280898876404,1.1348314606741574,0.6404494382022472,0.9775280898876404,1.3932584269662922,0.33707865168539325
2023-12-02,Brentford,Luton,3,1,H,1,1.404494382022472,1.348314606741573,0.3595505617977528,0.9230769230769231,1.7692307692307692,0.15384615384615385
2023-12-02,Burnley,Sheffield United,5,0,H,1,0.8627450980392157,1.6666666666666667,0.1568627450980392,0.8461538461538461,2.6153846153846154,0.07692307692307693
2023-12-02,Nott'm Forest,Everton,0,1,A,0,1.0588235294117647,1.7450980392156863,0.23529411764705882,1.0224719101123596,1.6067415730337078,0.25842696629213485
2023-12-02,Newcastle,Man United,1,0,H,1,1.6067415730337078,1.2247191011235956,0.43820224719101125,1.4719101123595506,1.303370786516854,0.5280898876404494
2023-12-03,Bournemouth,Aston Villa,2,2,D,0,1.0,1.9411764705882353,0.27450980392156865,1.5056179775280898,1.3258426966292134,0.449438202247191
2023-12-03,Chelsea,Brighton,3,2,H,1,1.5280898876404494,1.1235955056179776,0.4044943820224719,1.595505617977528,1.348314606741573,0.4044943820224719
2023-12-03,Liverpool,Fulham,4,3,H,1,2.2134831460674156,0.9438202247191011,0.6179775280898876,1.3333333333333333,1.4705882352941178,0.37254901960784315
2023-12-03,West Ham,Crystal Palace,1,1,D,0,1.404494382022472,1.449438202247191,0.3707865168539326,1.1573033707865168,1.2696629213483146,0.29213483146067415
2023-12-03,Man City,Tottenham,3,3,D,0,2.539325842696629,0.8089887640449438,0.7415730337078652,1.8426966292134832,1.348314606741573,0.5393258426966292
2023-12-05,Wolves,Burnley,1,0,H,1,0.9777777777777777,1.4,0.3333333333333333,0.9423076923076923,1.6346153846153846,0.17307692307692307
2023-12-05,Luton,Arsenal,3,4,A,0,0.9285714285714286,1.8571428571428572,0.14285714285714285,1.9777777777777779,1.1333333333333333,0.6444444444444445
2023-12-06,Brighton,Brentford,2,1,H,1,1.6,1.3666666666666667,0.4,1.4222222222222223,1.3444444444444446,0.36666666666666664
2023-12-06,Crystal Palace,Bournemouth,0,2,A,0,1.1555555555555554,1.2666666666666666,0.28888888888888886,1.0192307692307692,1.9423076923076923,0.2692307692307692
2023-12-06,Fulham,Nott'm Forest,5,0,H,1,1.3653846153846154,1.5192307692307692,0.36538461538461536,1.0384615384615385,1.7307692307692308,0.23076923076923078
2023-12-06,Sheffield United,Liverpool,0,2,A,0,0.7857142857142857,2.7857142857142856,0.07142857142857142,2.2333333333333334,0.9666666666666667,0.6222222222222222
2023-12-06,Aston Villa,Man City,1,0,H,1,1.511111111111111,1.3333333333333333,0.4444444444444444,2.5444444444444443,0.8333333333333334,0.7333333333333333
2023-12-06,Man United,Chelsea,2,1,H,1,1.4555555555555555,1.3,0.5222222222222223,1.5444444444444445,1.1333333333333333,0.4111111111111111
2023-12-07,Everton,Newcastle,3,0,H,1,1.0222222222222221,1.5888888888888888,0.26666666666666666,1.6,1.211111111111111,0.4444444444444444
2023-12-07,Tottenham,West Ham,1,2,A,0,1.8555555555555556,1.3666666666666667,0.5333333333333333,1.4,1.4444444444444444,0.36666666666666664
2023-12-09,Crystal Palace,Liverpool,1,2,A,0,1.1428571428571428,1.2747252747252746,0.2857142857142857,2.230769230769231,0.9560439560439561,0.6263736263736264
2023-12-09,Brighton,Burnley,1,1,D,0,1.6043956043956045,1.3626373626373627,0.4065934065934066,0.9245283018867925,1.6226415094339623,0.16981132075471697
2023-12-09,Man United,Bournemouth,0,3,A,0,1.4615384615384615,1.2967032967032968,0.5274725274725275,1.0377358490566038,1.9056603773584906,0.2830188679245283
2023-12-09,Sheffield United,Brentford,1,0,H,1,0.7333333333333333,2.7333333333333334,0.06666666666666667,1.4175824175824177,1.3516483516483517,0.3626373626373626
2023-12-09,Wolves,Nott'm Forest,1,1,D,0,0.978021978021978,1.3846153846153846,0.34065934065934067,1.0188679245283019,1.7924528301886793,0.22641509433962265
2023-12-09,Aston Villa,Arsenal,1,0,H,1,1.5054945054945055,1.3186813186813187,0.45054945054945056,2.0,1.1538461538461537,0.6483516483516484
2023-12-10,Everton,Chelsea,2,0,H,1,1.043956043956044,1.5714285714285714,0.27472527472527475,1.5384615384615385,1.1428571428571428,0.4065934065934066
2023-12-10,Fulham,West Ham,5,0,H,1,1.4339622641509433,1.490566037735849,0.37735849056603776,1.4065934065934067,1.4395604395604396,0.37362637362637363
2023-12-10,Luton,Man City,1,2,A,0,1.0666666666666667,2.0,0.13333333333333333,2.5164835164835164,0.8351648351648352,0.7252747252747253
2023-12-10,Tottenham,Newcastle,4,1,H,1,1.8461538461538463,1.3736263736263736,0.5274725274725275,1.5824175824175823,1.2307692307692308,0.43956043956043955
2023-12-15,Nott'm Forest,Tottenham,0,2,A,0,1.0185185185185186,1.7777777777777777,0.2222222222222222,1.8695652173913044,1.3695652173913044,0.532608695652174
2023-12-16,Chelsea,Sheffield United,2,0,H,1,1.5217391304347827,1.1521739130434783,0.40217391304347827,0.75,2.5625,0.125
2023-12-16,Man City,Crystal Palace,2,2,D,0,2.510869565217391,0.8369565217391305,0.7282608695652174,1.141304347826087,1.2826086956521738,0.2826086956521739
2023-12-16,Newcastle,Fulham,3,0,H,1,1.576086956521739,1.2608695652173914,0.43478260869565216,1.5,1.462962962962963,0.3888888888888889
2023-12-16,Burnley,Everton,0,2,A,0,0.9259259259259259,1.6111111111111112,0.16666666666666666,1.0543478260869565,1.5543478260869565,0.2826086956521739
2023-12-17,Arsenal,Brighton,2,0,H,1,1.9782608695652173,1.1521739130434783,0.6413043478260869,1.5978260869565217,1.358695652173913,0.40217391304347827
2023-12-17,Brentford,Aston Villa,1,2,A,0,1.4021739130434783,1.3478260869565217,0.358695652173913,1.5,1.3043478260869565,0.45652173913043476
2023-12-17,West Ham,Wolves,3,0,H,1,1.391304347826087,1.4782608695652173,0.3695652173913043,0.9782608695652174,1.3804347826086956,0.33695652173913043
2023-12-17,Liverpool,Man United,0,0,D,0,2.2282608695652173,0.9565217391304348,0.6304347826086957,1.4456521739130435,1.315217391304348,0.5217391304347826
2023-12-21,Crystal Palace,Brighton,1,1,D,0,1.1505376344086022,1.2903225806451613,0.27956989247311825,1.5806451612903225,1.3655913978494623,0.3978494623655914
2023-12-22,Aston Villa,Sheffield United,1,1,D,0,1.5053763440860215,1.3010752688172043,0.46236559139784944,0.7058823529411765,2.5294117647058822,0.11764705882352941
2023-12-23,West Ham,Man United,2,0,H,1,1.4086021505376345,1.4623655913978495,0.3763440860215054,1.4301075268817205,1.3010752688172043,0.5161290322580645
2023-12-23,Fulham,Burnley,0,2,A,0,1.4727272727272727,1.490909090909091,0.38181818181818183,0.9090909090909091,1.6181818181818182,0.16363636363636364
2023-12-23,Luton,Newcastle,1,0,H,1,1.0625,2.0,0.125,1.5913978494623655,1.2473118279569892,0.44086021505376344
2023-12-23,Nott'm Forest,Bournemouth,2,3,A,0,1.0,1.7818181818181817,0.21818181818181817,1.0740740740740742,1.8703703703703705,0.2962962962962963
2023-12-23,Tottenham,Everton,2,1,H,1,1.8709677419354838,1.3548387096774193,0.5376344086021505,1.064516129032258,1.5376344086021505,0.2903225806451613
2023-12-23,Liverpool,Arsenal,1,1,D,0,2.204301075268817,0.946236559139785,0.6236559139784946,1.978494623655914,1.1397849462365592,0.6451612903225806
2023-12-24,Wolves,Chelsea,2,1,H,1,0.967741935483871,1.3978494623655915,0.3333333333333333,1.5268817204301075,1.1397849462365592,0.40860215053763443
2023-12-26,Newcastle,Nott'm Forest,1,3,A,0,1.574468085106383,1.2446808510638299,0.43617021276595747,1.0178571428571428,1.8035714285714286,0.21428571428571427
2023-12-26,Bournemouth,Fulham,3,0,H,1,1.1090909090909091,1.8727272727272728,0.3090909090909091,1.4464285714285714,1.5,0.375
2023-12-26,Sheffield United,Luton,2,3,A,0,0.7222222222222222,2.4444444444444446,0.1111111111111111,1.0588235294117647,1.8823529411764706,0.17647058823529413
2023-12-26,Burnley,Liverpool,0,2,A,0,0.9285714285714286,1.5892857142857142,0.17857142857142858,2.1914893617021276,0.9468085106382979,0.6170212765957447
2023-12-26,Man United,Aston Villa,3,2,H,1,1.4148936170212767,1.3085106382978724,0.5106382978723404,1.5,1.297872340425532,0.4574468085106383
2023-12-27,Brentford,Wolves,1,4,A,0,1.3978494623655915,1.3548387096774193,0.3548387096774194,0.9787234042553191,1.3936170212765957,0.3404255319148936
2023-12-27,Chelsea,Crystal Palace,2,1,H,1,1.5212765957446808,1.148936170212766,0.40425531914893614,1.148936170212766,1.2872340425531914,0.2765957446808511
2023-12-27,Everton,Man City,1,3,A,0,1.0638297872340425,1.5425531914893618,0.2872340425531915,2.5053763440860215,0.8494623655913979,0.7204301075268817
2023-12-28,Brighton,Tottenham,4,2,H,1,1.574468085106383,1.3617021276595744,0.39361702127659576,1.872340425531915,1.351063829787234,0.5425531914893617
2023-12-28,Arsenal,West Ham,0,2,A,0,1.9680851063829787,1.1382978723404256,0.6382978723404256,1.4148936170212767,1.446808510638298,0.3829787234042553
2023-12-30,Luton,Chelsea,2,3,A,0,1.1666666666666667,1.8888888888888888,0.2222222222222222,1.5263157894736843,1.1473684210526316,0.4105263157894737
2023-12-30,Aston Villa,Burnley,3,2,H,1,1.5052631578947369,1.3157894736842106,0.45263157894736844,0.9122807017543859,1.5964912280701755,0.17543859649122806
2023-12-30,Crystal Palace,Brentford,3,1,H,1,1.1473684210526316,1.2947368421052632,0.2736842105263158,1.3936170212765957,1.3829787234042554,0.35106382978723405
2023-12-30,Man City,Sheffield United,2,0,H,1,2.5106382978723403,0.851063829787234,0.723404255319149,0.7894736842105263,2.473684210526316,0.10526315789473684
2023-12-30,Wolves,Everton,3,0,H,1,1.0105263157894737,1.3894736842105264,0.3473684210526316,1.063157894736842,1.5578947368421052,0.28421052631578947
2023-12-30,Nott'm Forest,Man United,2,1,H,1,1.0526315789473684,1.7894736842105263,0.22807017543859648,1.431578947368421,1.3157894736842106,0.5157894736842106
2023-12-31,Fulham,Arsenal,2,1,H,1,1.4210526315789473,1.5263157894736843,0.3684210526315789,1.9473684210526316,1.1473684210526316,0.631578947368421
2023-12-31,Tottenham,Bournemouth,3,1,H,1,1.8736842105263158,1.3789473684210527,0.5368421052631579,1.1428571428571428,1.8392857142857142,0.32142857142857145
2024-01-01,Liverpool,Newcastle,4,2,H,1,2.1894736842105265,0.9368421052631579,0.6210526315789474,1.568421052631579,1.263157894736842,0.43157894736842106
2024-01-02,West Ham,Brighton,0,0,D,0,1.4210526315789473,1.431578947368421,0.3894736842105263,1.6,1.368421052631579,0.4
2024-01-12,Burnley,Luton,1,1,D,0,0.9310344827586207,1.6206896551724137,0.1724137931034483,1.2105263157894737,1.9473684210526316,0.21052631578947367
2024-01-13,Chelsea,Fulham,1,0,H,1,1.5416666666666667,1.15625,0.4166666666666667,1.4310344827586208,1.5172413793103448,0.3793103448275862
2024-01-13,Newcastle,Man City,2,3,A,0,1.5729166666666667,1.2916666666666667,0.4270833333333333,2.5052631578947366,0.8421052631578947,0.7263157894736842
2024-01-14,Everton,Aston Villa,0,0,D,0,1.0520833333333333,1.5729166666666667,0.28125,1.5208333333333333,1.3229166666666667,0.4583333333333333
2024-01-14,Man United,Tottenham,2,2,D,0,1.4270833333333333,1.3229166666666667,0.5104166666666666,1.8854166666666667,1.375,0.5416666666666666
2024-01-20,Arsenal,Crystal Palace,5,0,H,1,1.9375,1.15625,0.625,1.1666666666666667,1.2916666666666667,0.28125
2024-01-20,Brentford,Nott'm Forest,3,2,H,1,1.3894736842105264,1.4,0.3473684210526316,1.0689655172413792,1.7758620689655173,0.2413793103448276
2024-01-21,Sheffield United,West Ham,2,2,D,0,0.75,2.45,0.1,1.40625,1.4166666666666667,0.3854166666666667
2024-01-21,Bournemouth,Liverpool,0,4,A,0,1.1403508771929824,1.8596491228070176,0.3157894736842105,2.2083333333333335,0.9479166666666666,0.625
2024-01-22,Brighton,Wolves,0,0,D,0,1.5833333333333333,1.3541666666666667,0.3958333333333333,1.03125,1.375,0.3541666666666667
2024-01-30,Nott'm Forest,Arsenal,1,2,A,0,1.0847457627118644,1.7966101694915255,0.23728813559322035,1.9690721649484537,1.1443298969072164,0.6288659793814433
2024-01-30,Fulham,Everton,0,0,D,0,1.4067796610169492,1.5084745762711864,0.3728813559322034,1.041237113402062,1.556701030927835,0.27835051546391754
2024-01-30,Luton,Brighton,4,0,H,1,1.2,1.9,0.2,1.5670103092783505,1.3402061855670102,0.3917525773195876
2024-01-30,Crystal Palace,Sheffield United,3,2,H,1,1.1546391752577319,1.3298969072164948,0.27835051546391754,0.8095238095238095,2.4285714285714284,0.09523809523809523
2024-01-30,Aston Villa,Newcastle,1,3,A,0,1.5051546391752577,1.309278350515464,0.4536082474226804,1.577319587628866,1.309278350515464,0.422680412371134
2024-01-31,Man City,Burnley,3,1,H,1,2.5104166666666665,0.8541666666666666,0.7291666666666666,0.9322033898305084,1.6101694915254237,0.1694915254237288
2024-01-31,Tottenham,Brentford,3,2,H,1,1.8865979381443299,1.3814432989690721,0.5360824742268041,1.40625,1.40625,0.3541666666666667
2024-01-31,Liverpool,Chelsea,4,1,H,1,2.2268041237113403,0.9381443298969072,0.6288659793814433,1.5360824742268042,1.1443298969072164,0.422680412371134
2024-02-01,West Ham,Bournemouth,1,1,D,0,1.4123711340206186,1.422680412371134,0.38144329896907214,1.1206896551724137,1.896551724137931,0.3103448275862069
2024-02-01,Wolves,Man United,3,4,A,0,1.0206185567010309,1.3608247422680413,0.35051546391752575,1.4329896907216495,1.3298969072164948,0.5051546391752577
2024-02-03,Everton,Tottenham,2,2,D,0,1.030612244897959,1.5408163265306123,0.2755102040816326,1.8979591836734695,1.3877551020408163,0.5408163265306123
2024-02-03,Brighton,Crystal Palace,4,1,H,1,1.5510204081632653,1.3673469387755102,0.3877551020408163,1.1734693877551021,1.336734693877551,0.2857142857142857
2024-02-03,Burnley,Fulham,2,2,D,0,0.9333333333333333,1.6333333333333333,0.16666666666666666,1.3833333333333333,1.4833333333333334,0.36666666666666664
2024-02-03,Newcastle,Luton,4,4,D,0,1.5918367346938775,1.3061224489795917,0.42857142857142855,1.3333333333333333,1.8095238095238095,0.23809523809523808
2024-02-03,Sheffield United,Aston Villa,0,5,A,0,0.8636363636363636,2.4545454545454546,0.09090909090909091,1.5,1.3265306122448979,0.4489795918367347
2024-02-04,Bournemouth,Nott'm Forest,1,1,D,0,1.11864406779661,1.88135593220339,0.3050847457627119,1.0833333333333333,1.8,0.23333333333333334
2024-02-04,Chelsea,Wolves,2,4,A,0,1.530612244897959,1.1734693877551021,0.41836734693877553,1.0408163265306123,1.3877551020408163,0.3469387755102041
2024-02-04,Man United,West Ham,3,0,H,1,1.4591836734693877,1.346938775510204,0.5102040816326531,1.4081632653061225,1.4183673469387754,0.37755102040816324
2024-02-04,Arsenal,Liverpool,3,1,H,1,1.969387755102041,1.1428571428571428,0.6326530612244898,2.2448979591836733,0.9387755102040817,0.6326530612244898
2024-02-05,Brentford,Man City,1,3,A,0,1.4123711340206186,1.422680412371134,0.35051546391752575,2.515463917525773,0.8556701030927835,0.7319587628865979
2024-02-10,Man City,Everton,2,0,H,1,2.520408163265306,0.8571428571428571,0.7346938775510204,1.0404040404040404,1.5454545454545454,0.2727272727272727
2024-02-10,Fulham,Bournemouth,3,1,H,1,1.3934426229508197,1.4918032786885247,0.36065573770491804,1.1166666666666667,1.8666666666666667,0.3
2024-02-10,Liverpool,Burnley,3,1,H,1,2.2323232323232323,0.9595959595959596,0.6262626262626263,0.9508196721311475,1.639344262295082,0.16393442622950818
2024-02-10,Luton,Sheffield United,1,3,A,0,1.4545454545454546,1.9090909090909092,0.22727272727272727,0.8260869565217391,2.5652173913043477,0.08695652173913043
2024-02-10,Tottenham,Brighton,2,1,H,1,1.898989898989899,1.393939393939394,0.5353535353535354,1.5757575757575757,1.3636363636363635,0.3939393939393939
2024-02-10,Wolves,Brentford,0,2,A,0,1.0707070707070707,1.393939393939394,0.35353535353535354,1.4081632653061225,1.4387755102040816,0.3469387755102041
2024-02-10,Nott'm Forest,Newcastle,2,3,A,0,1.0819672131147542,1.7868852459016393,0.22950819672131148,1.6161616161616161,1.3333333333333333,0.42424242424242425
2024-02-11,West Ham,Arsenal,0,6,A,0,1.393939393939394,1.4343434343434343,0.37373737373737376,1.97979797979798,1.1414141414141414,0.6363636363636364
2024-02-11,Aston Villa,Man United,1,2,A,0,1.5353535353535352,1.3131313131313131,0.45454545454545453,1.4747474747474747,1.3333333333333333,0.5151515151515151
2024-02-12,Crystal Palace,Chelsea,1,3,A,0,1.1717171717171717,1.3636363636363635,0.2828282828282828,1.5353535353535352,1.202020202020202,0.41414141414141414
2024-02-17,Brentford,Liverpool,1,4,A,0,1.4141414141414141,1.4242424242424243,0.35353535353535354,2.24,0.96,0.63
2024-02-17,Burnley,Arsenal,0,5,A,0,0.9516129032258065,1.6612903225806452,0.16129032258064516,2.02,1.13,0.64
2024-02-17,Fulham,Aston Villa,1,2,A,0,1.4193548387096775,1.4838709677419355,0.3709677419354839,1.53,1.32,0.45
2024-02-17,Newcastle,Bournemouth,2,2,D,0,1.63,1.34,0.43,1.1147540983606556,1.8852459016393444,0.29508196721311475
2024-02-17,Nott'm Forest,West Ham,2,0,H,1,1.096774193548387,1.8064516129032258,0.22580645161290322,1.38,1.48,0.37
2024-02-17,Tottenham,Wolves,1,2,A,0,1.9,1.39,0.54,1.06,1.4,0.35
2024-02-17,Man City,Chelsea,1,1,D,0,2.515151515151515,0.8484848484848485,0.7373737373737373,1.55,1.2,0.42
2024-02-18,Sheffield United,Brighton,0,5,A,0,0.9166666666666666,2.5,0.125,1.57,1.37,0.39
2024-02-18,Luton,Man United,1,2,A,0,1.434782608695652,1.9565217391304348,0.21739130434782608,1.48,1.33,0.52
2024-02-19,Everton,Crystal Palace,1,1,D,0,1.03,1.55,0.27,1.17,1.38,0.28
2024-02-20,Man City,Brentford,1,0,H,1,2.5,0.85,0.73,1.41,1.45,0.35
2024-02-21,Liverpool,Luton,4,1,H,1,2.257425742574257,0.9603960396039604,0.6336633663366337,1.4166666666666667,1.9583333333333333,0.20833333333333334
2024-02-24,Aston Villa,Nott'm Forest,4,2,H,1,1.5346534653465347,1.316831683168317,0.45544554455445546,1.1111111111111112,1.7777777777777777,0.23809523809523808
2024-02-24,Brighton,Everton,1,1,D,0,1.603960396039604,1.3564356435643565,0.39603960396039606,1.0297029702970297,1.5445544554455446,0.26732673267326734
2024-02-24,Crystal Palace,Burnley,3,0,H,1,1.1683168316831682,1.3762376237623761,0.27722772277227725,0.9365079365079365,1.7142857142857142,0.15873015873015872
2024-02-24,Man United,Fulham,1,2,A,0,1.4851485148514851,1.3267326732673268,0.5247524752475248,1.4126984126984128,1.492063492063492,0.36507936507936506
2024-02-24,Bournemouth,Man City,0,1,A,0,1.1290322580645162,1.8870967741935485,0.2903225806451613,2.485148514851485,0.8415841584158416,0.7326732673267327
2024-02-24,Arsenal,Newcastle,4,1,H,1,2.0495049504950495,1.118811881188119,0.6435643564356436,1.6336633663366336,1.3465346534653466,0.42574257425742573
2024-02-25,Wolves,Sheffield United,1,0,H,1,1.0693069306930694,1.396039603960396,0.3564356435643564,0.88,2.6,0.12
2024-02-26,West Ham,Brentford,4,2,H,1,1.3663366336633664,1.4851485148514851,0.36633663366336633,1.396039603960396,1.4455445544554455,0.3465346534653465
2024-03-02,Brentford,Chelsea,2,2,D,0,1.4019607843137254,1.4705882352941178,0.3431372549019608,1.5445544554455446,1.198019801980198,0.4158415841584158
2024-03-02,Everton,West Ham,1,3,A,0,1.0294117647058822,1.5392156862745099,0.2647058823529412,1.392156862745098,1.4901960784313726,0.37254901960784315
2024-03-02,Fulham,Brighton,3,0,H,1,1.421875,1.484375,0.375,1.5980392156862746,1.3529411764705883,0.39215686274509803
2024-03-02,Newcastle,Wolves,3,0,H,1,1.6274509803921569,1.3725490196078431,0.4215686274509804,1.0686274509803921,1.3823529411764706,0.3627450980392157
2024-03-02,Nott'm Forest,Liverpool,0,1,A,0,1.125,1.8125,0.234375,2.2745098039215685,0.9607843137254902,0.6372549019607843
2024-03-02,Tottenham,Crystal Palace,3,1,H,1,1.891089108910891,1.396039603960396,0.5346534653465347,1.1862745098039216,1.3627450980392157,0.28431372549019607
2024-03-02,Luton,Aston Villa,2,3,A,0,1.4,2.04,0.2,1.5588235294117647,1.3235294117647058,0.46078431372549017
2024-03-03,Burnley,Bournemouth,0,2,A,0,0.921875,1.734375,0.15625,1.1111111111111112,1.873015873015873,0.2857142857142857
2024-03-03,Man City,Man United,3,1,H,1,2.4705882352941178,0.8333333333333334,0.7352941176470589,1.4803921568627452,1.3333333333333333,0.5196078431372549
2024-03-04,Sheffield United,Arsenal,0,6,A,0,0.8461538461538461,2.5384615384615383,0.11538461538461539,2.0686274509803924,1.1176470588235294,0.6470588235294118
2024-03-09,Man United,Everton,2,0,H,1,1.4757281553398058,1.3495145631067962,0.5145631067961165,1.029126213592233,1.5533980582524272,0.2621359223300971
2024-03-09,Bournemouth,Sheffield United,2,2,D,0,1.125,1.84375,0.296875,0.8148148148148148,2.6666666666666665,0.1111111111111111
2024-03-09,Crystal Palace,Luton,1,1,D,0,1.1844660194174756,1.3786407766990292,0.2815533980582524,1.4230769230769231,2.076923076923077,0.19230769230769232
2024-03-09,Wolves,Fulham,2,1,H,1,1.058252427184466,1.3980582524271845,0.3592233009708738,1.4461538461538461,1.4615384615384615,0.38461538461538464
2024-03-09,Arsenal,Brentford,2,1,H,1,2.1067961165048543,1.1067961165048543,0.6504854368932039,1.4077669902912622,1.4757281553398058,0.33980582524271846
2024-03-10,Aston Villa,Tottenham,0,4,A,0,1.5728155339805825,1.3300970873786409,0.46601941747572817,1.9019607843137254,1.392156862745098,0.5392156862745098
2024-03-10,Brighton,Nott'm Forest,1,0,H,1,1.5825242718446602,1.3689320388349515,0.3883495145631068,1.1076923076923078,1.8,0.23076923076923078
2024-03-10,West Ham,Burnley,2,2,D,0,1.4077669902912622,1.4854368932038835,0.3786407766990291,0.9076923076923077,1.7384615384615385,0.15384615384615385
2024-03-10,Liverpool,Man City,1,1,D,0,2.262135922330097,0.9514563106796117,0.6407766990291263,2.4757281553398056,0.8349514563106796,0.7378640776699029
2024-03-11,Chelsea,Newcastle,3,2,H,1,1.5490196078431373,1.2058823529411764,0.4117647058823529,1.6407766990291262,1.3592233009708738,0.42718446601941745
2024-03-13,Bournemouth,Luton,4,3,H,1,1.1384615384615384,1.8461538461538463,0.2923076923076923,1.4074074074074074,2.037037037037037,0.18518518518518517
2024-03-16,Burnley,Brentford,2,1,H,1,0.9242424242424242,1.7424242424242424,0.15151515151515152,1.4038461538461537,1.4807692307692308,0.33653846153846156
2024-03-16,Luton,Nott'm Forest,1,1,D,0,1.4642857142857142,2.107142857142857,0.17857142857142858,1.0909090909090908,1.7878787878787878,0.22727272727272727
2024-03-16,Fulham,Tottenham,3,0,H,1,1.4393939393939394,1.4696969696969697,0.3787878787878788,1.9223300970873787,1.3786407766990292,0.5436893203883495
2024-03-17,West Ham,Aston Villa,1,1,D,0,1.4134615384615385,1.4903846153846154,0.375,1.5576923076923077,1.3557692307692308,0.46153846153846156
2024-03-30,Newcastle,West Ham,4,3,H,1,1.6442307692307692,1.375,0.4230769230769231,1.4095238095238096,1.4857142857142858,0.37142857142857144
2024-03-30,Bournemouth,Everton,2,1,H,1,1.1818181818181819,1.8636363636363635,0.30303030303030304,1.0192307692307692,1.5576923076923077,0.25961538461538464
2024-03-30,Chelsea,Burnley,2,2,D,0,1.5631067961165048,1.2135922330097086,0.4174757281553398,0.9402985074626866,1.7313432835820894,0.16417910447761194
2024-03-30,Nott'm Forest,Crystal Palace,1,1,D,0,1.0895522388059702,1.7761194029850746,0.22388059701492538,1.1826923076923077,1.375,0.27884615384615385
2024-03-30,Sheffield United,Fulham,3,3,D,0,0.8571428571428571,2.642857142857143,0.10714285714285714,1.462686567164179,1.4477611940298507,0.3880597014925373
2024-03-30,Tottenham,Luton,2,1,H,1,1.9038461538461537,1.3942307692307692,0.5384615384615384,1.4482758620689655,2.0689655172413794,0.1724137931034483
2024-03-30,Aston Villa,Wolves,2,0,H,1,1.5523809523809524,1.3523809523809525,0.45714285714285713,1.0673076923076923,1.3942307692307692,0.36538461538461536
2024-03-30,Brentford,Man United,1,1,D,0,1.4,1.4857142857142858,0.3333333333333333,1.4807692307692308,1.3365384615384615,0.5192307692307693
2024-03-31,Liverpool,Brighton,2,1,H,1,2.25,0.9519230769230769,0.6346153846153846,1.5769230769230769,1.3557692307692308,0.3942307692307692
2024-03-31,Man City,Arsenal,0,0,D,0,2.4615384615384617,0.8365384615384616,0.7307692307692307,2.105769230769231,1.1057692307692308,0.6538461538461539
2024-04-02,Newcastle,Everton,1,1,D,0,1.6666666666666667,1.3904761904761904,0.42857142857142855,1.019047619047619,1.561904761904762,0.2571428571428571
2024-04-02,Nott'm Forest,Fulham,3,1,H,1,1.088235294117647,1.7647058823529411,0.22058823529411764,1.4852941176470589,1.4705882352941178,0.38235294117647056
2024-04-02,Bournemouth,Crystal Palace,1,0,H,1,1.1940298507462686,1.8507462686567164,0.31343283582089554,1.180952380952381,1.3714285714285714,0.2761904761904762
2024-04-02,Burnley,Wolves,1,1,D,0,0.9558823529411765,1.7352941176470589,0.16176470588235295,1.0571428571428572,1.4,0.3619047619047619
2024-04-02,West Ham,Tottenham,1,1,D,0,1.4245283018867925,1.509433962264151,0.36792452830188677,1.9047619047619047,1.3904761904761904,0.5428571428571428
2024-04-03,Arsenal,Luton,2,0,H,1,2.085714285714286,1.0952380952380953,0.6476190476190476,1.4333333333333333,2.066666666666667,0.16666666666666666
2024-04-03,Brentford,Brighton,0,0,D,0,1.3962264150943395,1.4811320754716981,0.330188679245283,1.5714285714285714,1.361904761904762,0.3904761904761905
2024-04-03,Man City,Aston Villa,4,1,H,1,2.4380952380952383,0.8285714285714286,0.7238095238095238,1.5566037735849056,1.3396226415094339,0.46226415094339623
2024-04-04,Liverpool,Sheffield United,3,1,H,1,2.2476190476190476,0.9523809523809523,0.638095238095238,0.9310344827586207,2.6551724137931036,0.10344827586206896
2024-04-04,Chelsea,Man United,4,3,H,1,1.5673076923076923,1.2211538461538463,0.41346153846153844,1.4761904761904763,1.3333333333333333,0.5142857142857142
2024-04-06,Crystal Palace,Man City,2,4,A,0,1.169811320754717,1.3679245283018868,0.27358490566037735,2.452830188679245,0.8301886792452831,0.7264150943396226
2024-04-06,Aston Villa,Brentford,3,3,D,0,1.5514018691588785,1.3644859813084111,0.45794392523364486,1.3831775700934579,1.4672897196261683,0.32710280373831774
2024-04-06,Everton,Burnley,1,0,H,1,1.0188679245283019,1.5566037735849056,0.25471698113207547,0.9565217391304348,1.7246376811594204,0.15942028985507245
2024-04-06,Fulham,Newcastle,0,1,A,0,1.4782608695652173,1.4927536231884058,0.37681159420289856,1.6603773584905661,1.3867924528301887,0.42452830188679247
2024-04-06,Luton,Bournemouth,2,1,H,1,1.3870967741935485,2.064516129032258,0.16129032258064516,1.1911764705882353,1.8235294117647058,0.3235294117647059
2024-04-06,Wolves,West Ham,1,2,A,0,1.0566037735849056,1.3962264150943395,0.3584905660377358,1.4205607476635513,1.5046728971962617,0.3644859813084112
2024-04-06,Brighton,Arsenal,0,3,A,0,1.5566037735849056,1.349056603773585,0.3867924528301887,2.0849056603773586,1.0849056603773586,0.6509433962264151
2024-04-07,Man United,Liverpool,2,2,D,0,1.490566037735849,1.3584905660377358,0.5094339622641509,2.2547169811320753,0.9528301886792453,0.6415094339622641
2024-04-07,Sheffield United,Chelsea,2,2,D,0,0.9333333333333333,2.6666666666666665,0.1,1.5904761904761904,1.2380952380952381,0.41904761904761906
2024-04-07,Tottenham,Nott'm Forest,3,1,H,1,1.8962264150943395,1.3867924528301887,0.5377358490566038,1.1159420289855073,1.7536231884057971,0.2318840579710145
2024-04-13,Newcastle,Tottenham,4,0,H,1,1.6542056074766356,1.3738317757009346,0.42990654205607476,1.9065420560747663,1.3831775700934579,0.5420560747663551
2024-04-13,Brentford,Sheffield United,2,0,H,1,1.3981481481481481,1.4814814814814814,0.32407407407407407,0.967741935483871,2.6451612903225805,0.0967741935483871
2024-04-13,Burnley,Brighton,1,1,D,0,0.9428571428571428,1.7142857142857142,0.15714285714285714,1.5420560747663552,1.3644859813084111,0.38317757009345793
2024-04-13,Man City,Luton,5,1,H,1,2.467289719626168,0.8411214953271028,0.7289719626168224,1.40625,2.03125,0.1875
2024-04-13,Nott'm Forest,Wolves,2,2,D,0,1.1142857142857143,1.7714285714285714,0.22857142857142856,1.0560747663551402,1.4018691588785046,0.35514018691588783
2024-04-13,Bournemouth,Man United,2,2,D,0,1.1884057971014492,1.826086956521739,0.3188405797101449,1.4953271028037383,1.3644859813084111,0.5046728971962616
2024-04-14,Liverpool,Crystal Palace,0,1,A,0,2.2523364485981308,0.9626168224299065,0.6355140186915887,1.1775700934579438,1.3925233644859814,0.27102803738317754
2024-04-14,West Ham,Fulham,0,2,A,0,1.4259259259259258,1.5,0.37037037037037035,1.457142857142857,1.4857142857142858,0.37142857142857144
2024-04-14,Arsenal,Aston Villa,0,2,A,0,2.0934579439252334,1.074766355140187,0.6542056074766355,1.5648148148148149,1.3796296296296295,0.4537037037037037
2024-04-15,Chelsea,Everton,6,0,H,1,1.5943396226415094,1.2452830188679245,0.41509433962264153,1.0186915887850467,1.5420560747663552,0.2616822429906542
2024-04-20,Luton,Brentford,1,5,A,0,1.393939393939394,2.121212121212121,0.18181818181818182,1.4036697247706422,1.4678899082568808,0.3302752293577982
2024-04-20,Sheffield United,Burnley,1,4,A,0,0.9375,2.625,0.09375,0.9436619718309859,1.704225352112676,0.15492957746478872
2024-04-20,Wolves,Arsenal,0,2,A,0,1.0648148148148149,1.4074074074074074,0.35185185185185186,2.074074074074074,1.0833333333333333,0.6481481481481481
2024-04-21,Everton,Nott'm Forest,2,0,H,1,1.0092592592592593,1.5833333333333333,0.25925925925925924,1.1267605633802817,1.7746478873239437,0.22535211267605634
2024-04-21,Aston Villa,Bournemouth,3,1,H,1,1.5688073394495412,1.3669724770642202,0.45871559633027525,1.2,1.8285714285714285,0.3142857142857143
2024-04-21,Crystal Palace,West Ham,5,2,H,1,1.1759259259259258,1.3796296296296295,0.2777777777777778,1.4128440366972477,1.5045871559633028,0.3669724770642202
2024-04-21,Fulham,Liverpool,1,3,A,0,1.4647887323943662,1.4647887323943662,0.38028169014084506,2.2314814814814814,0.9629629629629629,0.6296296296296297
2024-04-23,Arsenal,Chelsea,5,0,H,1,2.073394495412844,1.073394495412844,0.6513761467889908,1.6355140186915889,1.233644859813084,0.4205607476635514
2024-04-24,Wolves,Bournemouth,0,1,A,0,1.055045871559633,1.4128440366972477,0.3486238532110092,1.1971830985915493,1.8450704225352113,0.30985915492957744
2024-04-24,Crystal Palace,Newcastle,2,0,H,1,1.2110091743119267,1.385321100917431,0.28440366972477066,1.6759259259259258,1.3611111111111112,0.4351851851851852
2024-04-24,Everton,Liverpool,2,0,H,1,1.018348623853211,1.5688073394495412,0.26605504587155965,2.238532110091743,0.963302752293578,0.6330275229357798
2024-04-24,Man United,Sheffield United,4,2,H,1,1.5,1.3703703703703705,0.5,0.9393939393939394,2.6666666666666665,0.09090909090909091
2024-04-25,Brighton,Man City,0,4,A,0,1.537037037037037,1.3611111111111112,0.37962962962962965,2.490740740740741,0.8425925925925926,0.7314814814814815
2024-04-27,West Ham,Liverpool,2,2,D,0,1.4181818181818182,1.5363636363636364,0.36363636363636365,2.2181818181818183,0.9727272727272728,0.6272727272727273
2024-04-27,Fulham,Crystal Palace,1,1,D,0,1.4583333333333333,1.4861111111111112,0.375,1.2181818181818183,1.3727272727272728,0.2909090909090909
2024-04-27,Man United,Burnley,1,1,D,0,1.5229357798165137,1.3761467889908257,0.5045871559633027,0.9861111111111112,1.6944444444444444,0.16666666666666666
2024-04-27,Newcastle,Sheffield United,5,1,H,1,1.6605504587155964,1.3669724770642202,0.43119266055045874,0.9705882352941176,2.7058823529411766,0.08823529411764706
2024-04-27,Wolves,Luton,2,1,H,1,1.0454545454545454,1.4090909090909092,0.34545454545454546,1.3823529411764706,2.2058823529411766,0.17647058823529413
2024-04-27,Everton,Brentford,1,0,H,1,1.0272727272727273,1.5545454545454545,0.2727272727272727,1.4363636363636363,1.4636363636363636,0.33636363636363636
2024-04-27,Aston Villa,Chelsea,2,2,D,0,1.5818181818181818,1.3636363636363635,0.4636363636363636,1.6203703703703705,1.2685185185185186,0.4166666666666667
2024-04-28,Bournemouth,Brighton,3,0,H,1,1.1944444444444444,1.8194444444444444,0.3194444444444444,1.5229357798165137,1.385321100917431,0.3761467889908257
2024-04-28,Tottenham,Arsenal,2,3,A,0,1.8888888888888888,1.4074074074074074,0.5370370370370371,2.1,1.0636363636363637,0.6545454545454545
2024-04-28,Nott'm Forest,Man City,0,2,A,0,1.1111111111111112,1.7777777777777777,0.2222222222222222,2.5045871559633026,0.8348623853211009,0.7339449541284404
2024-05-02,Chelsea,Tottenham,2,0,H,1,1.6238532110091743,1.275229357798165,0.41284403669724773,1.889908256880734,1.4220183486238531,0.5321100917431193
2024-05-03,Luton,Everton,1,1,D,0,1.3714285714285714,2.2,0.17142857142857143,1.027027027027027,1.5405405405405406,0.27927927927927926
2024-05-04,Arsenal,Bournemouth,3,0,H,1,2.108108108108108,1.072072072072072,0.6576576576576577,1.2191780821917808,1.7945205479452055,0.3287671232876712
2024-05-04,Brentford,Fulham,0,0,D,0,1.4234234234234233,1.4594594594594594,0.3333333333333333,1.452054794520548,1.4794520547945205,0.3698630136986301
2024-05-04,Burnley,Newcastle,1,4,A,0,0.9863013698630136,1.6849315068493151,0.1643835616438356,1.690909090909091,1.3636363636363635,0.43636363636363634
2024-05-04,Sheffield United,Nott'm Forest,1,3,A,0,0.9714285714285714,2.7714285714285714,0.08571428571428572,1.095890410958904,1.7808219178082192,0.2191780821917808
2024-05-04,Man City,Wolves,5,1,H,1,2.5,0.8272727272727273,0.7363636363636363,1.054054054054054,1.4054054054054055,0.35135135135135137
2024-05-05,Brighton,Aston Villa,1,0,H,1,1.509090909090909,1.4,0.37272727272727274,1.5855855855855856,1.3693693693693694,0.4594594594594595
2024-05-05,Chelsea,West Ham,5,0,H,1,1.6272727272727272,1.2636363636363637,0.41818181818181815,1.4234234234234233,1.5405405405405406,0.36036036036036034
2024-05-05,Liverpool,Tottenham,4,2,H,1,2.2162162162162162,0.9819819819819819,0.6216216216216216,1.8727272727272728,1.4272727272727272,0.5272727272727272
2024-05-06,Crystal Palace,Man United,4,0,H,1,1.2162162162162162,1.3693693693693694,0.2882882882882883,1.518181818181818,1.3727272727272728,0.5
2024-05-11,Fulham,Man City,0,4,A,0,1.4324324324324325,1.4594594594594594,0.36486486486486486,2.5225225225225225,0.8288288288288288,0.7387387387387387
2024-05-11,Bournemouth,Brentford,1,2,A,0,1.2027027027027026,1.8108108108108107,0.32432432432432434,1.4107142857142858,1.4464285714285714,0.33035714285714285
2024-05-11,Everton,Sheffield United,1,0,H,1,1.0267857142857142,1.5357142857142858,0.2767857142857143,0.9722222222222222,2.7777777777777777,0.08333333333333333
2024-05-11,Newcastle,Brighton,1,1,D,0,1.7117117117117118,1.3603603603603605,0.44144144144144143,1.5045045045045045,1.3873873873873874,0.3783783783783784
2024-05-11,Tottenham,Burnley,2,1,H,1,1.8738738738738738,1.4504504504504505,0.5225225225225225,0.9864864864864865,1.7162162162162162,0.16216216216216217
2024-05-11,West Ham,Luton,3,1,H,1,1.4107142857142858,1.5714285714285714,0.35714285714285715,1.3611111111111112,2.1666666666666665,0.16666666666666666
2024-05-11,Wolves,Crystal Palace,1,3,A,0,1.0535714285714286,1.4375,0.3482142857142857,1.2410714285714286,1.3571428571428572,0.29464285714285715
2024-05-11,Nott'm Forest,Chelsea,2,3,A,0,1.1216216216216217,1.7702702702702702,0.22972972972972974,1.6576576576576576,1.2522522522522523,0.42342342342342343
2024-05-12,Man United,Arsenal,0,1,A,0,1.5045045045045045,1.3963963963963963,0.4954954954954955,2.1160714285714284,1.0625,0.6607142857142857
2024-05-13,Aston Villa,Liverpool,3,3,D,0,1.5714285714285714,1.3660714285714286,0.45535714285714285,2.232142857142857,0.9910714285714286,0.625
2024-05-14,Tottenham,Man City,0,2,A,0,1.875,1.4464285714285714,0.5267857142857143,2.5357142857142856,0.8214285714285714,0.7410714285714286
2024-05-15,Brighton,Chelsea,1,2,A,0,1.5,1.3839285714285714,0.375,1.6696428571428572,1.2589285714285714,0.42857142857142855
2024-05-15,Man United,Newcastle,3,2,H,1,1.4910714285714286,1.3928571428571428,0.49107142857142855,1.7053571428571428,1.3571428571428572,0.4375
2024-05-19,Arsenal,Everton,2,1,H,1,2.106194690265487,1.0530973451327434,0.6637168141592921,1.0265486725663717,1.5221238938053097,0.2831858407079646
2024-05-19,Brentford,Newcastle,2,4,A,0,1.415929203539823,1.4424778761061947,0.336283185840708,1.7079646017699115,1.3716814159292035,0.4336283185840708
2024-05-19,Brighton,Man United,0,2,A,0,1.4955752212389382,1.3893805309734513,0.37168141592920356,1.5044247787610618,1.3982300884955752,0.49557522123893805
2024-05-19,Burnley,Nott'm Forest,1,2,A,0,0.9866666666666667,1.72,0.16,1.1333333333333333,1.7866666666666666,0.22666666666666666
2024-05-19,Chelsea,Bournemouth,2,1,H,1,1.6725663716814159,1.2566371681415929,0.4336283185840708,1.2,1.8133333333333332,0.32
2024-05-19,Crystal Palace,Aston Villa,5,0,H,1,1.2566371681415929,1.3539823008849559,0.3008849557522124,1.584070796460177,1.3805309734513274,0.45132743362831856
2024-05-19,Liverpool,Wolves,2,0,H,1,2.2389380530973453,1.008849557522124,0.6194690265486725,1.0530973451327434,1.4513274336283186,0.34513274336283184
2024-05-19,Luton,Fulham,2,4,A,0,1.3513513513513513,2.189189189189189,0.16216216216216217,1.4133333333333333,1.4933333333333334,0.36
2024-05-19,Man City,West Ham,3,1,H,1,2.5309734513274336,0.8141592920353983,0.7433628318584071,1.424778761061947,1.5663716814159292,0.36283185840707965
2024-05-19,Sheffield United,Tottenham,0,3,A,0,0.9459459459459459,2.72972972972973,0.08108108108108109,1.8584070796460177,1.4513274336283186,0.5221238938053098
